requested,timestamp,archived_url,status,bytes,note
http://devaaluminyum.com/resimler/0-115611825204-c9f0f895fb98ab9159f51fd0297e236da.jpg,,,0,0,no_snapshot
http://devaaluminyum.com/resimler/0-128721594396-259936a28ab4276e1426ab9ca3aa107ca.jpg,,,0,0,no_snapshot
http://devaaluminyum.com/resimler/0-128721594396-3cdf569b0e0ff20fb52a7266f964b471a.jpg,,,0,0,no_snapshot
http://devaaluminyum.com/resimler/0-128721594396-44f49da96bb884a8c1435872a6b0ad34a.jpg,,,0,0,no_snapshot
http://devaaluminyum.com/resimler/0-128721594396-59ad21f8ac71e0fe61a6dc10219fcd1ea.jpg,,,0,0,no_snapshot
http://devaaluminyum.com/resimler/0-128721594396-639245830c396b4594c4edb07b08e22da.jpg,,,0,0,no_snapshot
http://devaaluminyum.com/resimler/0-128721594396-73a1e4783dc5fc8a163aee084848371ea.jpg,,,0,0,no_snapshot
http://devaaluminyum.com/resimler/0-128721594396-7f98db02db5800d96f68fdbe64f0a474a.jpg,,,0,0,no_snapshot
http://devaaluminyum.com/resimler/0-128721594396-a8d5a41897e25f6cc1f1cd87126d171aa.jpg,,,0,0,no_snapshot
http://devaaluminyum.com/resimler/0-128721594396-be65e0957dd02af66bc10478b3046c6da.jpg,,,0,0,no_snapshot
http://devaaluminyum.com/resimler/0-128721594396-eaee29f75dba2e8cfefe6c9f9ee84aeca.jpg,,,0,0,no_snapshot
http://devaaluminyum.com/resimler/0-211394574138-1679091c5a880faf6fb5e6087eb1b2dca.jpg,,,0,0,no_snapshot
http://devaaluminyum.com/resimler/0-229533768507-8f14e45fceea167a5a36dedd4bea2543a.jpg,,,0,0,no_snapshot
http://devaaluminyum.com/resimler/0-670800539718-a87ff679a2f3e71d9181a67b7542122ca.jpg,,,0,0,no_snapshot
https://devaaluminyum.com/Detay/56/168/fabrika-yonetim-binasi-kompozit-kaplama/,20250124065406,http://web.archive.org/web/20250124065406/https://devaaluminyum.com/Detay/56/168/fabrika-yonetim-binasi-kompozit-kaplama/,404,0,replay_failed
https://devaaluminyum.com/Sayfa/168/fabrika-yonetim-binasi-kompozit-kaplama,,,0,0,no_snapshot
https://devaaluminyum.com/qinternet/flexslider/flexslider.css,20220102095317,http://web.archive.org/web/20220102095317/https://devaaluminyum.com/qinternet/flexslider/flexslider.css,404,0,replay_failed
https://devaaluminyum.com/resimler/0-115611825204-c9f0f895fb98ab9159f51fd0297e236da.jpg,,,0,0,no_snapshot
https://devaaluminyum.com/resimler/0-211394574138-1679091c5a880faf6fb5e6087eb1b2dca.jpg,,,0,0,no_snapshot
https://devaaluminyum.com/resimler/0-214725407200-259936a28ab4276e1426ab9ca3aa107ca.jpg,,,0,0,no_snapshot
https://devaaluminyum.com/resimler/0-214725407200-3cdf569b0e0ff20fb52a7266f964b471a.jpg,,,0,0,no_snapshot
https://devaaluminyum.com/resimler/0-214725407200-44f49da96bb884a8c1435872a6b0ad34a.jpg,,,0,0,no_snapshot
https://devaaluminyum.com/resimler/0-214725407200-59ad21f8ac71e0fe61a6dc10219fcd1ea.jpg,,,0,0,no_snapshot
https://devaaluminyum.com/resimler/0-214725407200-7f98db02db5800d96f68fdbe64f0a474a.jpg,,,0,0,no_snapshot
https://devaaluminyum.com/resimler/0-214725407200-a8d5a41897e25f6cc1f1cd87126d171aa.jpg,,,0,0,no_snapshot
https://devaaluminyum.com/resimler/0-214725407200-be65e0957dd02af66bc10478b3046c6da.jpg,,,0,0,no_snapshot
https://devaaluminyum.com/resimler/0-214725407200-eaee29f75dba2e8cfefe6c9f9ee84aeca.jpg,,,0,0,no_snapshot
https://devaaluminyum.com/resimler/0-229533768507-8f14e45fceea167a5a36dedd4bea2543a.jpg,,,0,0,no_snapshot
https://devaaluminyum.com/resimler/0-233710405486-c4ca4238a0b923820dcc509a6f75849ba.jpg,,,0,0,no_snapshot
https://devaaluminyum.com/resimler/0-251646855715-4eab6805c6e27e340ef9a412aaaf99c2a.jpg,,,0,0,no_snapshot
https://devaaluminyum.com/resimler/0-364913338130-c4ca4238a0b923820dcc509a6f75849ba.jpeg,,,0,0,no_snapshot
https://devaaluminyum.com/resimler/0-364913338130-c81e728d9d4c2f636f067f89cc14862c.jpg,,,0,0,no_snapshot
https://devaaluminyum.com/resimler/0-364913338130-c81e728d9d4c2f636f067f89cc14862ca.jpg,,,0,0,no_snapshot
https://devaaluminyum.com/resimler/0-364913338130-eccbc87e4b5ce2fe28308fd9f2a7baf3a.jpg,,,0,0,no_snapshot
https://devaaluminyum.com/resimler/0-370239429934-98f1b5a2506c6e4773c499a05a229ac0a.jpg,,,0,0,no_snapshot
https://devaaluminyum.com/resimler/0-370622145276-d3d9446802a44259755d38e6d163e820a.jpg,,,0,0,no_snapshot
https://devaaluminyum.com/resimler/0-389839483297-e3dd86d61341ac9b3dc2298b2dd82535a.jpg,,,0,0,no_snapshot
https://devaaluminyum.com/resimler/0-392465625869-30eae5af8f632a43f9fff5450b96355ba.jpg,,,0,0,no_snapshot
https://devaaluminyum.com/resimler/0-407174758501-779377033f7dd8b7944fbae6fe5ee705a.jpg,,,0,0,no_snapshot
https://devaaluminyum.com/resimler/0-433146404453-1679091c5a880faf6fb5e6087eb1b2dca.jpg,,,0,0,no_snapshot
https://devaaluminyum.com/resimler/0-433146404453-8f14e45fceea167a5a36dedd4bea2543a.jpg,,,0,0,no_snapshot
https://devaaluminyum.com/resimler/0-433146404453-a87ff679a2f3e71d9181a67b7542122ca.jpg,,,0,0,no_snapshot
https://devaaluminyum.com/resimler/0-433146404453-c4ca4238a0b923820dcc509a6f75849ba.jpg,,,0,0,no_snapshot
https://devaaluminyum.com/resimler/0-433146404453-c81e728d9d4c2f636f067f89cc14862ca.jpg,,,0,0,no_snapshot
https://devaaluminyum.com/resimler/0-433146404453-c9f0f895fb98ab9159f51fd0297e236da.jpg,,,0,0,no_snapshot
https://devaaluminyum.com/resimler/0-433146404453-e4da3b7fbbce2345d7772b0674a318d5a.jpg,,,0,0,no_snapshot
https://devaaluminyum.com/resimler/0-433146404453-eccbc87e4b5ce2fe28308fd9f2a7baf3a.jpg,,,0,0,no_snapshot
https://devaaluminyum.com/resimler/0-462234708188-45c48cce2e2d7fbdea1afc51c7c6ad26a.jpg,,,0,0,no_snapshot
https://devaaluminyum.com/resimler/0-462234708188-8f14e45fceea167a5a36dedd4bea2543a.jpg,,,0,0,no_snapshot
https://devaaluminyum.com/resimler/0-462234708188-96a3be3cf272e017046d1b2674a52bd3a.jpg,,,0,0,no_snapshot
https://devaaluminyum.com/resimler/0-462234708188-a87ff679a2f3e71d9181a67b7542122ca.jpg,,,0,0,no_snapshot
https://devaaluminyum.com/resimler/0-462234708188-c4ca4238a0b923820dcc509a6f75849ba.jpg,,,0,0,no_snapshot
https://devaaluminyum.com/resimler/0-462234708188-c81e728d9d4c2f636f067f89cc14862ca.jpg,,,0,0,no_snapshot
https://devaaluminyum.com/resimler/0-462234708188-c9f0f895fb98ab9159f51fd0297e236da.jpg,,,0,0,no_snapshot
https://devaaluminyum.com/resimler/0-462234708188-e4da3b7fbbce2345d7772b0674a318d5.jpg,,,0,0,no_snapshot
https://devaaluminyum.com/resimler/0-462234708188-e4da3b7fbbce2345d7772b0674a318d5a.jpg,,,0,0,no_snapshot
https://devaaluminyum.com/resimler/0-462234708188-eccbc87e4b5ce2fe28308fd9f2a7baf3a.jpg,,,0,0,no_snapshot
https://devaaluminyum.com/resimler/0-492385691918-1679091c5a880faf6fb5e6087eb1b2dca.jpg,,,0,0,no_snapshot
https://devaaluminyum.com/resimler/0-492385691918-45c48cce2e2d7fbdea1afc51c7c6ad26a.jpg,,,0,0,no_snapshot
https://devaaluminyum.com/resimler/0-492385691918-8f14e45fceea167a5a36dedd4bea2543a.jpg,,,0,0,no_snapshot
https://devaaluminyum.com/resimler/0-492385691918-a87ff679a2f3e71d9181a67b7542122ca.jpg,,,0,0,no_snapshot
https://devaaluminyum.com/resimler/0-492385691918-c4ca4238a0b923820dcc509a6f75849ba.jpg,,,0,0,no_snapshot
https://devaaluminyum.com/resimler/0-492385691918-c81e728d9d4c2f636f067f89cc14862ca.jpg,,,0,0,no_snapshot
https://devaaluminyum.com/resimler/0-492385691918-c9f0f895fb98ab9159f51fd0297e236da.jpg,,,0,0,no_snapshot
https://devaaluminyum.com/resimler/0-492385691918-e4da3b7fbbce2345d7772b0674a318d5a.jpg,,,0,0,no_snapshot
https://devaaluminyum.com/resimler/0-492385691918-eccbc87e4b5ce2fe28308fd9f2a7baf3a.jpg,,,0,0,no_snapshot
https://devaaluminyum.com/resimler/0-511705664519-f28875dc837fbf7ae4776e5948af7a65.jpg,,,0,0,no_snapshot
https://devaaluminyum.com/resimler/0-522964470860-144cb8381aea8b7eb240d8c884e65495a.jpg,,,0,0,no_snapshot
https://devaaluminyum.com/resimler/0-522964470860-59b514174bffe4ae402b3d63aad79fe0a.jpg,,,0,0,no_snapshot
https://devaaluminyum.com/resimler/0-522964470860-68a3565b54473e76ccaf941101a30f53a.jpg,,,0,0,no_snapshot
https://devaaluminyum.com/resimler/0-522964470860-93cb50a4199b865d519016de2a0f3acea.jpg,,,0,0,no_snapshot
https://devaaluminyum.com/resimler/0-613778459682-438a6c10fbff2064c1d7c9e3f7cb9a57a.jpg,,,0,0,no_snapshot
https://devaaluminyum.com/resimler/0-613778459682-4d314917b8833f68bebde6bf93c50486a.jpg,,,0,0,no_snapshot
https://devaaluminyum.com/resimler/0-633919840828-c9f0f895fb98ab9159f51fd0297e236da.jpg,,,0,0,no_snapshot
https://devaaluminyum.com/resimler/0-670800539718-a87ff679a2f3e71d9181a67b7542122ca.jpg,,,0,0,no_snapshot
https://devaaluminyum.com/resimler/0-692121284241-1679091c5a880faf6fb5e6087eb1b2dca.jpg,,,0,0,no_snapshot
https://devaaluminyum.com/resimler/0-692121284241-45c48cce2e2d7fbdea1afc51c7c6ad26a.PNG,,,0,0,no_snapshot
https://devaaluminyum.com/resimler/0-692121284241-8f14e45fceea167a5a36dedd4bea2543a.jpg,,,0,0,no_snapshot
https://devaaluminyum.com/resimler/0-692121284241-a87ff679a2f3e71d9181a67b7542122ca.jpg,,,0,0,no_snapshot
https://devaaluminyum.com/resimler/0-692121284241-c81e728d9d4c2f636f067f89cc14862ca.jpg,,,0,0,no_snapshot
https://devaaluminyum.com/resimler/0-692121284241-c9f0f895fb98ab9159f51fd0297e236da.png,,,0,0,no_snapshot
https://devaaluminyum.com/resimler/0-692121284241-d3d9446802a44259755d38e6d163e820a.jpg,,,0,0,no_snapshot
https://devaaluminyum.com/resimler/0-692121284241-e4da3b7fbbce2345d7772b0674a318d5a.jpg,,,0,0,no_snapshot
https://devaaluminyum.com/resimler/0-692121284241-eccbc87e4b5ce2fe28308fd9f2a7baf3a.jpg,,,0,0,no_snapshot
https://devaaluminyum.com/resimler/0-734271579771-653036cd53f772e256ae01f7a9a5b3d6a.jpeg,,,0,0,no_snapshot
https://devaaluminyum.com/resimler/0-734271579771-c4ca4238a0b923820dcc509a6f75849ba.jpg,,,0,0,no_snapshot
https://devaaluminyum.com/resimler/0-734271579771-c4ca4238a0b923820dcc509a6f75849ba.jpgf3e9cbde-dc56-4e3e-b18f-ea2129ee5fa9,,,0,0,no_snapshot
https://devaaluminyum.com/resimler/0-736957289762-3eed0271d87041b25ca6cc27e6503d42a.jpg,,,0,0,no_snapshot
https://devaaluminyum.com/resimler/0-738995457426-98f13708210194c475687be6106a3b84a.jpeg,,,0,0,no_snapshot
https://devaaluminyum.com/resimler/0-770471526169-a87ff679a2f3e71d9181a67b7542122ca.jpg,,,0,0,no_snapshot
https://devaaluminyum.com/resimler/0-770471526169-c81e728d9d4c2f636f067f89cc14862ca.jpg,,,0,0,no_snapshot
https://devaaluminyum.com/resimler/0-770471526169-e4da3b7fbbce2345d7772b0674a318d5a.jpg,,,0,0,no_snapshot
https://devaaluminyum.com/resimler/0-770471526169-eccbc87e4b5ce2fe28308fd9f2a7baf3a.jpg,,,0,0,no_snapshot
https://devaaluminyum.com/resimler/0-777315931552-3665fceb3058ae4ceef437ad4c936423a.jpg,,,0,0,no_snapshot
https://devaaluminyum.com/resimler/0-789822510855-45c48cce2e2d7fbdea1afc51c7c6ad26a.jpg,,,0,0,no_snapshot
https://devaaluminyum.com/resimler/0-802471866709-0eaab519d7112be59f099bf8e4c33903.jpg,,,0,0,no_snapshot
https://devaaluminyum.com/resimler/0-832819333289-564543589fa7b953459c3706ddab84a9a.jpg,,,0,0,no_snapshot
https://devaaluminyum.com/resimler/0-834556141573-1f0e3dad99908345f7439f8ffabdffc4a.jpg,,,0,0,no_snapshot
https://devaaluminyum.com/resimler/0-834556141573-6f4922f45568161a8cdf4ad2299f6d23a.jpg,,,0,0,no_snapshot
https://devaaluminyum.com/resimler/0-834556141573-70efdf2ec9b086079795c442636b55fba.jpg,,,0,0,no_snapshot
https://devaaluminyum.com/resimler/0-834556141573-aab3238922bcc25a6f606eb525ffdc56a.jpg,,,0,0,no_snapshot
https://devaaluminyum.com/resimler/0-834556141573-c20ad4d76fe97759aa27a0c99bff6710a.jpg,,,0,0,no_snapshot
https://devaaluminyum.com/resimler/0-834556141573-c74d97b01eae257e44aa9d5bade97bafa.jpg,,,0,0,no_snapshot
https://devaaluminyum.com/resimler/0-913389889372-202f536bc28823d4922b5b23642ca4a8a.jpg,,,0,0,no_snapshot
https://devaaluminyum.com/resimler/0-913389889372-4c80c399f4a8330539db42952cfd99e9a.jpg,,,0,0,no_snapshot
https://devaaluminyum.com/resimler/0-913389889372-59b514174bffe4ae402b3d63aad79fe0a.jpg,,,0,0,no_snapshot
https://devaaluminyum.com/resimler/0-913389889372-76b1a56588660586c5835c37378ad644.jpg,,,0,0,no_snapshot
https://devaaluminyum.com/resimler/0-913389889372-a5a0047a00291fc669baeb17fa916e7fa.jpg,,,0,0,no_snapshot
https://devaaluminyum.com/resimler/0-913389889372-ade9e87e460a39d0c81f37301ca4416ba.jpg,,,0,0,no_snapshot
https://devaaluminyum.com/resimler/0-913389889372-caf1db0377dffe4066a225849245c9bea.JPG,,,0,0,no_snapshot
https://devaaluminyum.com/resimler/0-984176392207-f4f02bb8a744a34a78295954b7d45af3a.jpg,,,0,0,no_snapshot
https://devaaluminyum.com/resimler/0-992801538758-1679091c5a880faf6fb5e6087eb1b2dca.jpg,,,0,0,no_snapshot
https://devaaluminyum.com/resimler/0-992801538758-8f14e45fceea167a5a36dedd4bea2543a.jpg,,,0,0,no_snapshot
https://devaaluminyum.com/resimler/0-992801538758-a87ff679a2f3e71d9181a67b7542122ca.jpg,,,0,0,no_snapshot
https://devaaluminyum.com/resimler/0-992801538758-c4ca4238a0b923820dcc509a6f75849ba.jpg,,,0,0,no_snapshot
https://devaaluminyum.com/resimler/0-992801538758-c81e728d9d4c2f636f067f89cc14862ca.jpg,,,0,0,no_snapshot
https://devaaluminyum.com/resimler/0-992801538758-d3d9446802a44259755d38e6d163e820a.jpg,,,0,0,no_snapshot
https://devaaluminyum.com/resimler/0-992801538758-e4da3b7fbbce2345d7772b0674a318d5a.jpg,,,0,0,no_snapshot
https://devaaluminyum.com/resimler/0-992801538758-eccbc87e4b5ce2fe28308fd9f2a7baf3a.jpg,,,0,0,no_snapshot
https://devaaluminyum.com/resimler/0-992801538758-eccbc87e4b5ce2fe28308fd9f2a7baf3a.png,,,0,0,no_snapshot
