id,kind,source,status,bytes,path
0-620694757554-b6d767d2f8ed5d21a44b0e5886680cb9,full,https://devaaluminyum.com/resimler/0-620694757554-b6d767d2f8ed5d21a44b0e5886680cb9.jpg,200,83018,archive/references-images/0-620694757554-b6d767d2f8ed5d21a44b0e5886680cb9.jpg
0-620694757554-b6d767d2f8ed5d21a44b0e5886680cb9,thumb,https://devaaluminyum.com/resimler/0-620694757554-b6d767d2f8ed5d21a44b0e5886680cb9a.jpg,200,5268,archive/references-images/0-620694757554-b6d767d2f8ed5d21a44b0e5886680cb9a.jpg
0-620694757554-3c59dc048e8850243be8079a5c74d079,full,https://devaaluminyum.com/resimler/0-620694757554-3c59dc048e8850243be8079a5c74d079.jpg,200,71074,archive/references-images/0-620694757554-3c59dc048e8850243be8079a5c74d079.jpg
0-620694757554-3c59dc048e8850243be8079a5c74d079,thumb,https://devaaluminyum.com/resimler/0-620694757554-3c59dc048e8850243be8079a5c74d079a.jpg,200,6053,archive/references-images/0-620694757554-3c59dc048e8850243be8079a5c74d079a.jpg
0-620694757554-37693cfc748049e45d87b8c7d8b9aacd,full,https://devaaluminyum.com/resimler/0-620694757554-37693cfc748049e45d87b8c7d8b9aacd.jpg,200,67898,archive/references-images/0-620694757554-37693cfc748049e45d87b8c7d8b9aacd.jpg
0-620694757554-37693cfc748049e45d87b8c7d8b9aacd,thumb,https://devaaluminyum.com/resimler/0-620694757554-37693cfc748049e45d87b8c7d8b9aacda.jpg,200,4694,archive/references-images/0-620694757554-37693cfc748049e45d87b8c7d8b9aacda.jpg
0-761997625541-1f0e3dad99908345f7439f8ffabdffc4,full,https://devaaluminyum.com/resimler/0-761997625541-1f0e3dad99908345f7439f8ffabdffc4.jpg,200,43295,archive/references-images/0-761997625541-1f0e3dad99908345f7439f8ffabdffc4.jpg
0-761997625541-1f0e3dad99908345f7439f8ffabdffc4,thumb,https://devaaluminyum.com/resimler/0-761997625541-1f0e3dad99908345f7439f8ffabdffc4a.jpg,200,4117,archive/references-images/0-761997625541-1f0e3dad99908345f7439f8ffabdffc4a.jpg
0-761997625541-6f4922f45568161a8cdf4ad2299f6d23,full,https://devaaluminyum.com/resimler/0-761997625541-6f4922f45568161a8cdf4ad2299f6d23.jpg,200,43845,archive/references-images/0-761997625541-6f4922f45568161a8cdf4ad2299f6d23.jpg
0-761997625541-6f4922f45568161a8cdf4ad2299f6d23,thumb,https://devaaluminyum.com/resimler/0-761997625541-6f4922f45568161a8cdf4ad2299f6d23a.jpg,200,4716,archive/references-images/0-761997625541-6f4922f45568161a8cdf4ad2299f6d23a.jpg
0-761997625541-70efdf2ec9b086079795c442636b55fb,full,https://devaaluminyum.com/resimler/0-761997625541-70efdf2ec9b086079795c442636b55fb.jpg,200,71112,archive/references-images/0-761997625541-70efdf2ec9b086079795c442636b55fb.jpg
0-761997625541-70efdf2ec9b086079795c442636b55fb,thumb,https://devaaluminyum.com/resimler/0-761997625541-70efdf2ec9b086079795c442636b55fba.jpg,200,5285,archive/references-images/0-761997625541-70efdf2ec9b086079795c442636b55fba.jpg
0-761997625541-c74d97b01eae257e44aa9d5bade97baf,full,https://devaaluminyum.com/resimler/0-761997625541-c74d97b01eae257e44aa9d5bade97baf.jpg,200,64082,archive/references-images/0-761997625541-c74d97b01eae257e44aa9d5bade97baf.jpg
0-761997625541-c74d97b01eae257e44aa9d5bade97baf,thumb,https://devaaluminyum.com/resimler/0-761997625541-c74d97b01eae257e44aa9d5bade97bafa.jpg,200,5095,archive/references-images/0-761997625541-c74d97b01eae257e44aa9d5bade97bafa.jpg
0-761997625541-9bf31c7ff062936a96d3c8bd1f8f2ff3,full,https://devaaluminyum.com/resimler/0-761997625541-9bf31c7ff062936a96d3c8bd1f8f2ff3.jpg,200,65564,archive/references-images/0-761997625541-9bf31c7ff062936a96d3c8bd1f8f2ff3.jpg
0-761997625541-9bf31c7ff062936a96d3c8bd1f8f2ff3,thumb,https://devaaluminyum.com/resimler/0-761997625541-9bf31c7ff062936a96d3c8bd1f8f2ff3a.jpg,200,4252,archive/references-images/0-761997625541-9bf31c7ff062936a96d3c8bd1f8f2ff3a.jpg
0-761997625541-aab3238922bcc25a6f606eb525ffdc56,full,https://devaaluminyum.com/resimler/0-761997625541-aab3238922bcc25a6f606eb525ffdc56.jpg,200,61354,archive/references-images/0-761997625541-aab3238922bcc25a6f606eb525ffdc56.jpg
0-761997625541-aab3238922bcc25a6f606eb525ffdc56,thumb,https://devaaluminyum.com/resimler/0-761997625541-aab3238922bcc25a6f606eb525ffdc56a.jpg,200,4407,archive/references-images/0-761997625541-aab3238922bcc25a6f606eb525ffdc56a.jpg
0-761997625541-c51ce410c124a10e0db5e4b97fc2af39,full,https://devaaluminyum.com/resimler/0-761997625541-c51ce410c124a10e0db5e4b97fc2af39.jpg,200,105619,archive/references-images/0-761997625541-c51ce410c124a10e0db5e4b97fc2af39.jpg
0-761997625541-c51ce410c124a10e0db5e4b97fc2af39,thumb,https://devaaluminyum.com/resimler/0-761997625541-c51ce410c124a10e0db5e4b97fc2af39a.jpg,200,6197,archive/references-images/0-761997625541-c51ce410c124a10e0db5e4b97fc2af39a.jpg
0-761997625541-c20ad4d76fe97759aa27a0c99bff6710,full,https://devaaluminyum.com/resimler/0-761997625541-c20ad4d76fe97759aa27a0c99bff6710.jpg,200,67898,archive/references-images/0-761997625541-c20ad4d76fe97759aa27a0c99bff6710.jpg
0-761997625541-c20ad4d76fe97759aa27a0c99bff6710,thumb,https://devaaluminyum.com/resimler/0-761997625541-c20ad4d76fe97759aa27a0c99bff6710a.jpg,200,4694,archive/references-images/0-761997625541-c20ad4d76fe97759aa27a0c99bff6710a.jpg
0-761997625541-6512bd43d9caa6e02c990b0a82652dca,full,https://devaaluminyum.com/resimler/0-761997625541-6512bd43d9caa6e02c990b0a82652dca.jpg,200,82702,archive/references-images/0-761997625541-6512bd43d9caa6e02c990b0a82652dca.jpg
0-761997625541-6512bd43d9caa6e02c990b0a82652dca,thumb,https://devaaluminyum.com/resimler/0-761997625541-6512bd43d9caa6e02c990b0a82652dcaa.jpg,200,6662,archive/references-images/0-761997625541-6512bd43d9caa6e02c990b0a82652dcaa.jpg
0-761997625541-98f13708210194c475687be6106a3b84,full,https://devaaluminyum.com/resimler/0-761997625541-98f13708210194c475687be6106a3b84.jpg,200,71074,archive/references-images/0-761997625541-98f13708210194c475687be6106a3b84.jpg
0-761997625541-98f13708210194c475687be6106a3b84,thumb,https://devaaluminyum.com/resimler/0-761997625541-98f13708210194c475687be6106a3b84a.jpg,200,6053,archive/references-images/0-761997625541-98f13708210194c475687be6106a3b84a.jpg
0-648675657737-d3d9446802a44259755d38e6d163e820,full,https://devaaluminyum.com/resimler/0-648675657737-d3d9446802a44259755d38e6d163e820.jpg,200,45730,archive/references-images/0-648675657737-d3d9446802a44259755d38e6d163e820.jpg
0-648675657737-d3d9446802a44259755d38e6d163e820,thumb,https://devaaluminyum.com/resimler/0-648675657737-d3d9446802a44259755d38e6d163e820a.jpg,200,4551,archive/references-images/0-648675657737-d3d9446802a44259755d38e6d163e820a.jpg
0-648675657737-45c48cce2e2d7fbdea1afc51c7c6ad26,full,https://devaaluminyum.com/resimler/0-648675657737-45c48cce2e2d7fbdea1afc51c7c6ad26.jpg,200,61102,archive/references-images/0-648675657737-45c48cce2e2d7fbdea1afc51c7c6ad26.jpg
0-648675657737-45c48cce2e2d7fbdea1afc51c7c6ad26,thumb,https://devaaluminyum.com/resimler/0-648675657737-45c48cce2e2d7fbdea1afc51c7c6ad26a.jpg,200,5123,archive/references-images/0-648675657737-45c48cce2e2d7fbdea1afc51c7c6ad26a.jpg
0-648675657737-c9f0f895fb98ab9159f51fd0297e236d,full,https://devaaluminyum.com/resimler/0-648675657737-c9f0f895fb98ab9159f51fd0297e236d.jpg,200,58022,archive/references-images/0-648675657737-c9f0f895fb98ab9159f51fd0297e236d.jpg
0-648675657737-c9f0f895fb98ab9159f51fd0297e236d,thumb,https://devaaluminyum.com/resimler/0-648675657737-c9f0f895fb98ab9159f51fd0297e236da.jpg,200,4837,archive/references-images/0-648675657737-c9f0f895fb98ab9159f51fd0297e236da.jpg
0-648675657737-8f14e45fceea167a5a36dedd4bea2543,full,https://devaaluminyum.com/resimler/0-648675657737-8f14e45fceea167a5a36dedd4bea2543.jpg,200,53926,archive/references-images/0-648675657737-8f14e45fceea167a5a36dedd4bea2543.jpg
0-648675657737-8f14e45fceea167a5a36dedd4bea2543,thumb,https://devaaluminyum.com/resimler/0-648675657737-8f14e45fceea167a5a36dedd4bea2543a.jpg,200,4881,archive/references-images/0-648675657737-8f14e45fceea167a5a36dedd4bea2543a.jpg
0-648675657737-1679091c5a880faf6fb5e6087eb1b2dc,full,https://devaaluminyum.com/resimler/0-648675657737-1679091c5a880faf6fb5e6087eb1b2dc.jpg,200,63779,archive/references-images/0-648675657737-1679091c5a880faf6fb5e6087eb1b2dc.jpg
0-648675657737-1679091c5a880faf6fb5e6087eb1b2dc,thumb,https://devaaluminyum.com/resimler/0-648675657737-1679091c5a880faf6fb5e6087eb1b2dca.jpg,200,4816,archive/references-images/0-648675657737-1679091c5a880faf6fb5e6087eb1b2dca.jpg
0-648675657737-e4da3b7fbbce2345d7772b0674a318d5,full,https://devaaluminyum.com/resimler/0-648675657737-e4da3b7fbbce2345d7772b0674a318d5.jpg,200,76669,archive/references-images/0-648675657737-e4da3b7fbbce2345d7772b0674a318d5.jpg
0-648675657737-e4da3b7fbbce2345d7772b0674a318d5,thumb,https://devaaluminyum.com/resimler/0-648675657737-e4da3b7fbbce2345d7772b0674a318d5a.jpg,200,5935,archive/references-images/0-648675657737-e4da3b7fbbce2345d7772b0674a318d5a.jpg
0-648675657737-a87ff679a2f3e71d9181a67b7542122c,full,https://devaaluminyum.com/resimler/0-648675657737-a87ff679a2f3e71d9181a67b7542122c.jpg,200,48337,archive/references-images/0-648675657737-a87ff679a2f3e71d9181a67b7542122c.jpg
0-648675657737-a87ff679a2f3e71d9181a67b7542122c,thumb,https://devaaluminyum.com/resimler/0-648675657737-a87ff679a2f3e71d9181a67b7542122ca.jpg,200,3770,archive/references-images/0-648675657737-a87ff679a2f3e71d9181a67b7542122ca.jpg
0-648675657737-eccbc87e4b5ce2fe28308fd9f2a7baf3,full,https://devaaluminyum.com/resimler/0-648675657737-eccbc87e4b5ce2fe28308fd9f2a7baf3.jpg,200,78943,archive/references-images/0-648675657737-eccbc87e4b5ce2fe28308fd9f2a7baf3.jpg
0-648675657737-eccbc87e4b5ce2fe28308fd9f2a7baf3,thumb,https://devaaluminyum.com/resimler/0-648675657737-eccbc87e4b5ce2fe28308fd9f2a7baf3a.jpg,200,5870,archive/references-images/0-648675657737-eccbc87e4b5ce2fe28308fd9f2a7baf3a.jpg
0-648675657737-c81e728d9d4c2f636f067f89cc14862c,full,https://devaaluminyum.com/resimler/0-648675657737-c81e728d9d4c2f636f067f89cc14862c.jpg,200,100419,archive/references-images/0-648675657737-c81e728d9d4c2f636f067f89cc14862c.jpg
0-648675657737-c81e728d9d4c2f636f067f89cc14862c,thumb,https://devaaluminyum.com/resimler/0-648675657737-c81e728d9d4c2f636f067f89cc14862ca.jpg,200,4962,archive/references-images/0-648675657737-c81e728d9d4c2f636f067f89cc14862ca.jpg
0-648675657737-c4ca4238a0b923820dcc509a6f75849b,full,https://devaaluminyum.com/resimler/0-648675657737-c4ca4238a0b923820dcc509a6f75849b.jpg,200,43187,archive/references-images/0-648675657737-c4ca4238a0b923820dcc509a6f75849b.jpg
0-648675657737-c4ca4238a0b923820dcc509a6f75849b,thumb,https://devaaluminyum.com/resimler/0-648675657737-c4ca4238a0b923820dcc509a6f75849ba.jpg,200,4333,archive/references-images/0-648675657737-c4ca4238a0b923820dcc509a6f75849ba.jpg
