label,timestamp,url,status,bytes,path
hizmetler,20250124053400,https://devaaluminyum.com/Tema/logo.png,200,6029,archive/recovered-root-assets/hizmetler/Tema/logo.png
hizmetler,20250124053400,https://devaaluminyum.com/Tema/style.css,200,16416,archive/recovered-root-assets/hizmetler/Tema/style.css
hizmetler,20250124053400,https://devaaluminyum.com/qinternet/alibox/jquery.min.js,200,93870,archive/recovered-root-assets/hizmetler/qinternet/alibox/jquery.min.js
hizmetler,20250124053400,https://devaaluminyum.com/qinternet/alibox/lightbox/jquery.lightbox.min.js,200,16978,archive/recovered-root-assets/hizmetler/qinternet/alibox/lightbox/jquery.lightbox.min.js
hizmetler,20250124053400,https://devaaluminyum.com/qinternet/alibox/lightbox/themes/facebook/jquery.lightbox.css,200,5789,archive/recovered-root-assets/hizmetler/qinternet/alibox/lightbox/themes/facebook/jquery.lightbox.css
hizmetler,20250124053400,https://devaaluminyum.com/qinternet/flexslider/flexslider.css,200,0,
hizmetler,20250124053400,https://devaaluminyum.com/qinternet/flexslider/jquery.flexslider.js,200,41110,archive/recovered-root-assets/hizmetler/qinternet/flexslider/jquery.flexslider.js
hizmetler,20250124053400,https://devaaluminyum.com/qinternet/font.css,200,2151,archive/recovered-root-assets/hizmetler/qinternet/font.css
hizmetler,20250124053400,https://devaaluminyum.com/qinternet/jcarousellite_1.0.1.pack.js,200,2137,archive/recovered-root-assets/hizmetler/qinternet/jcarousellite_1.0.1.pack.js
hizmetler,20250124053400,https://devaaluminyum.com/qinternet/jquery-1.7.2.js,200,262285,archive/recovered-root-assets/hizmetler/qinternet/jquery-1.7.2.js
hizmetler,20250124053400,https://devaaluminyum.com/qinternet/js.js,200,3769,archive/recovered-root-assets/hizmetler/qinternet/js.js
hizmetler,20250124053400,https://devaaluminyum.com/qinternet/ortak.css,200,1752,archive/recovered-root-assets/hizmetler/qinternet/ortak.css
hizmetler,20250124053400,https://devaaluminyum.com/qinternet/sosyalmedya/facebook.png,200,1966,archive/recovered-root-assets/hizmetler/qinternet/sosyalmedya/facebook.png
hizmetler,20250124053400,https://devaaluminyum.com/qinternet/sosyalmedya/hangouts.png,200,3649,archive/recovered-root-assets/hizmetler/qinternet/sosyalmedya/hangouts.png
hizmetler,20250124053400,https://devaaluminyum.com/resimler/0-214725407200-639245830c396b4594c4edb07b08e22da.jpg,200,5583,archive/recovered-root-assets/hizmetler/resimler/0-214725407200-639245830c396b4594c4edb07b08e22da.jpg
hizmetler,20250124053400,https://devaaluminyum.com/resimler/0-364913338130-c81e728d9d4c2f636f067f89cc14862ca.jpg,404,0,
hizmetler,20250124053400,https://devaaluminyum.com/resimler/0-433146404453-45c48cce2e2d7fbdea1afc51c7c6ad26a.jpg,200,4533,archive/recovered-root-assets/hizmetler/resimler/0-433146404453-45c48cce2e2d7fbdea1afc51c7c6ad26a.jpg
hizmetler,20250124053400,https://devaaluminyum.com/resimler/0-446567936662-c4ca4238a0b923820dcc509a6f75849ba.jpg,200,4534,archive/recovered-root-assets/hizmetler/resimler/0-446567936662-c4ca4238a0b923820dcc509a6f75849ba.jpg
hizmetler,20250124053400,https://devaaluminyum.com/resimler/0-462234708188-e4da3b7fbbce2345d7772b0674a318d5a.jpg,404,0,
hizmetler,20250124053400,https://devaaluminyum.com/resimler/0-511705664519-f28875dc837fbf7ae4776e5948af7a65a.jpg,200,5472,archive/recovered-root-assets/hizmetler/resimler/0-511705664519-f28875dc837fbf7ae4776e5948af7a65a.jpg
hizmetler,20250124053400,https://devaaluminyum.com/resimler/0-692121284241-d3d9446802a44259755d38e6d163e820a.jpg,404,0,
hizmetler,20250124053400,https://devaaluminyum.com/resimler/0-738995457426-98f13708210194c475687be6106a3b84a.jpeg,404,0,
hizmetler,20250124053400,https://devaaluminyum.com/resimler/0-770471526169-1679091c5a880faf6fb5e6087eb1b2dca.jpg,200,5097,archive/recovered-root-assets/hizmetler/resimler/0-770471526169-1679091c5a880faf6fb5e6087eb1b2dca.jpg
hizmetler,20250124053400,https://devaaluminyum.com/resimler/0-802471866709-0eaab519d7112be59f099bf8e4c33903a.jpg,200,5328,archive/recovered-root-assets/hizmetler/resimler/0-802471866709-0eaab519d7112be59f099bf8e4c33903a.jpg
hizmetler,20250124053400,https://devaaluminyum.com/resimler/0-913389889372-76b1a56588660586c5835c37378ad644a.jpg,200,4781,archive/recovered-root-assets/hizmetler/resimler/0-913389889372-76b1a56588660586c5835c37378ad644a.jpg
hizmetler,20250124053400,https://devaaluminyum.com/resimler/0-992801538758-c9f0f895fb98ab9159f51fd0297e236da.jpeg,200,5556,archive/recovered-root-assets/hizmetler/resimler/0-992801538758-c9f0f895fb98ab9159f51fd0297e236da.jpeg
referanslar,20250124052125,https://devaaluminyum.com/Tema/logo.png,200,6029,archive/recovered-root-assets/referanslar/Tema/logo.png
referanslar,20250124052125,https://devaaluminyum.com/Tema/style.css,200,16416,archive/recovered-root-assets/referanslar/Tema/style.css
referanslar,20250124052125,https://devaaluminyum.com/qinternet/alibox/jquery.min.js,200,93870,archive/recovered-root-assets/referanslar/qinternet/alibox/jquery.min.js
referanslar,20250124052125,https://devaaluminyum.com/qinternet/alibox/lightbox/jquery.lightbox.min.js,200,16978,archive/recovered-root-assets/referanslar/qinternet/alibox/lightbox/jquery.lightbox.min.js
referanslar,20250124052125,https://devaaluminyum.com/qinternet/alibox/lightbox/themes/facebook/jquery.lightbox.css,200,5789,archive/recovered-root-assets/referanslar/qinternet/alibox/lightbox/themes/facebook/jquery.lightbox.css
referanslar,20250124052125,https://devaaluminyum.com/qinternet/flexslider/flexslider.css,200,0,
referanslar,20250124052125,https://devaaluminyum.com/qinternet/flexslider/jquery.flexslider.js,200,41110,archive/recovered-root-assets/referanslar/qinternet/flexslider/jquery.flexslider.js
referanslar,20250124052125,https://devaaluminyum.com/qinternet/font.css,200,2151,archive/recovered-root-assets/referanslar/qinternet/font.css
referanslar,20250124052125,https://devaaluminyum.com/qinternet/jcarousellite_1.0.1.pack.js,200,2137,archive/recovered-root-assets/referanslar/qinternet/jcarousellite_1.0.1.pack.js
referanslar,20250124052125,https://devaaluminyum.com/qinternet/jquery-1.7.2.js,200,262285,archive/recovered-root-assets/referanslar/qinternet/jquery-1.7.2.js
referanslar,20250124052125,https://devaaluminyum.com/qinternet/js.js,200,3769,archive/recovered-root-assets/referanslar/qinternet/js.js
referanslar,20250124052125,https://devaaluminyum.com/qinternet/ortak.css,200,1752,archive/recovered-root-assets/referanslar/qinternet/ortak.css
referanslar,20250124052125,https://devaaluminyum.com/qinternet/sosyalmedya/facebook.png,200,1966,archive/recovered-root-assets/referanslar/qinternet/sosyalmedya/facebook.png
referanslar,20250124052125,https://devaaluminyum.com/qinternet/sosyalmedya/hangouts.png,200,3649,archive/recovered-root-assets/referanslar/qinternet/sosyalmedya/hangouts.png
referanslar,20250124052125,https://devaaluminyum.com/resimler/0-620694757554-37693cfc748049e45d87b8c7d8b9aacd.jpg,200,67898,archive/recovered-root-assets/referanslar/resimler/0-620694757554-37693cfc748049e45d87b8c7d8b9aacd.jpg
referanslar,20250124052125,https://devaaluminyum.com/resimler/0-620694757554-37693cfc748049e45d87b8c7d8b9aacda.jpg,200,4694,archive/recovered-root-assets/referanslar/resimler/0-620694757554-37693cfc748049e45d87b8c7d8b9aacda.jpg
referanslar,20250124052125,https://devaaluminyum.com/resimler/0-620694757554-3c59dc048e8850243be8079a5c74d079.jpg,200,71074,archive/recovered-root-assets/referanslar/resimler/0-620694757554-3c59dc048e8850243be8079a5c74d079.jpg
referanslar,20250124052125,https://devaaluminyum.com/resimler/0-620694757554-3c59dc048e8850243be8079a5c74d079a.jpg,200,6053,archive/recovered-root-assets/referanslar/resimler/0-620694757554-3c59dc048e8850243be8079a5c74d079a.jpg
referanslar,20250124052125,https://devaaluminyum.com/resimler/0-620694757554-b6d767d2f8ed5d21a44b0e5886680cb9.jpg,200,83018,archive/recovered-root-assets/referanslar/resimler/0-620694757554-b6d767d2f8ed5d21a44b0e5886680cb9.jpg
referanslar,20250124052125,https://devaaluminyum.com/resimler/0-620694757554-b6d767d2f8ed5d21a44b0e5886680cb9a.jpg,200,5268,archive/recovered-root-assets/referanslar/resimler/0-620694757554-b6d767d2f8ed5d21a44b0e5886680cb9a.jpg
referanslar,20250124052125,https://devaaluminyum.com/resimler/0-648675657737-1679091c5a880faf6fb5e6087eb1b2dc.jpg,200,63779,archive/recovered-root-assets/referanslar/resimler/0-648675657737-1679091c5a880faf6fb5e6087eb1b2dc.jpg
referanslar,20250124052125,https://devaaluminyum.com/resimler/0-648675657737-1679091c5a880faf6fb5e6087eb1b2dca.jpg,200,4816,archive/recovered-root-assets/referanslar/resimler/0-648675657737-1679091c5a880faf6fb5e6087eb1b2dca.jpg
referanslar,20250124052125,https://devaaluminyum.com/resimler/0-648675657737-45c48cce2e2d7fbdea1afc51c7c6ad26.jpg,200,61102,archive/recovered-root-assets/referanslar/resimler/0-648675657737-45c48cce2e2d7fbdea1afc51c7c6ad26.jpg
referanslar,20250124052125,https://devaaluminyum.com/resimler/0-648675657737-45c48cce2e2d7fbdea1afc51c7c6ad26a.jpg,200,5123,archive/recovered-root-assets/referanslar/resimler/0-648675657737-45c48cce2e2d7fbdea1afc51c7c6ad26a.jpg
referanslar,20250124052125,https://devaaluminyum.com/resimler/0-648675657737-8f14e45fceea167a5a36dedd4bea2543.jpg,200,53926,archive/recovered-root-assets/referanslar/resimler/0-648675657737-8f14e45fceea167a5a36dedd4bea2543.jpg
referanslar,20250124052125,https://devaaluminyum.com/resimler/0-648675657737-8f14e45fceea167a5a36dedd4bea2543a.jpg,200,4881,archive/recovered-root-assets/referanslar/resimler/0-648675657737-8f14e45fceea167a5a36dedd4bea2543a.jpg
referanslar,20250124052125,https://devaaluminyum.com/resimler/0-648675657737-a87ff679a2f3e71d9181a67b7542122c.jpg,200,48337,archive/recovered-root-assets/referanslar/resimler/0-648675657737-a87ff679a2f3e71d9181a67b7542122c.jpg
referanslar,20250124052125,https://devaaluminyum.com/resimler/0-648675657737-a87ff679a2f3e71d9181a67b7542122ca.jpg,200,3770,archive/recovered-root-assets/referanslar/resimler/0-648675657737-a87ff679a2f3e71d9181a67b7542122ca.jpg
referanslar,20250124052125,https://devaaluminyum.com/resimler/0-648675657737-c4ca4238a0b923820dcc509a6f75849b.jpg,200,43187,archive/recovered-root-assets/referanslar/resimler/0-648675657737-c4ca4238a0b923820dcc509a6f75849b.jpg
referanslar,20250124052125,https://devaaluminyum.com/resimler/0-648675657737-c4ca4238a0b923820dcc509a6f75849ba.jpg,200,4333,archive/recovered-root-assets/referanslar/resimler/0-648675657737-c4ca4238a0b923820dcc509a6f75849ba.jpg
referanslar,20250124052125,https://devaaluminyum.com/resimler/0-648675657737-c81e728d9d4c2f636f067f89cc14862c.jpg,200,100419,archive/recovered-root-assets/referanslar/resimler/0-648675657737-c81e728d9d4c2f636f067f89cc14862c.jpg
referanslar,20250124052125,https://devaaluminyum.com/resimler/0-648675657737-c81e728d9d4c2f636f067f89cc14862ca.jpg,200,4962,archive/recovered-root-assets/referanslar/resimler/0-648675657737-c81e728d9d4c2f636f067f89cc14862ca.jpg
referanslar,20250124052125,https://devaaluminyum.com/resimler/0-648675657737-c9f0f895fb98ab9159f51fd0297e236d.jpg,200,58022,archive/recovered-root-assets/referanslar/resimler/0-648675657737-c9f0f895fb98ab9159f51fd0297e236d.jpg
referanslar,20250124052125,https://devaaluminyum.com/resimler/0-648675657737-c9f0f895fb98ab9159f51fd0297e236da.jpg,200,4837,archive/recovered-root-assets/referanslar/resimler/0-648675657737-c9f0f895fb98ab9159f51fd0297e236da.jpg
referanslar,20250124052125,https://devaaluminyum.com/resimler/0-648675657737-d3d9446802a44259755d38e6d163e820.jpg,200,45730,archive/recovered-root-assets/referanslar/resimler/0-648675657737-d3d9446802a44259755d38e6d163e820.jpg
referanslar,20250124052125,https://devaaluminyum.com/resimler/0-648675657737-d3d9446802a44259755d38e6d163e820a.jpg,200,4551,archive/recovered-root-assets/referanslar/resimler/0-648675657737-d3d9446802a44259755d38e6d163e820a.jpg
referanslar,20250124052125,https://devaaluminyum.com/resimler/0-648675657737-e4da3b7fbbce2345d7772b0674a318d5.jpg,200,76669,archive/recovered-root-assets/referanslar/resimler/0-648675657737-e4da3b7fbbce2345d7772b0674a318d5.jpg
referanslar,20250124052125,https://devaaluminyum.com/resimler/0-648675657737-e4da3b7fbbce2345d7772b0674a318d5a.jpg,200,5935,archive/recovered-root-assets/referanslar/resimler/0-648675657737-e4da3b7fbbce2345d7772b0674a318d5a.jpg
referanslar,20250124052125,https://devaaluminyum.com/resimler/0-648675657737-eccbc87e4b5ce2fe28308fd9f2a7baf3.jpg,200,78943,archive/recovered-root-assets/referanslar/resimler/0-648675657737-eccbc87e4b5ce2fe28308fd9f2a7baf3.jpg
referanslar,20250124052125,https://devaaluminyum.com/resimler/0-648675657737-eccbc87e4b5ce2fe28308fd9f2a7baf3a.jpg,200,5870,archive/recovered-root-assets/referanslar/resimler/0-648675657737-eccbc87e4b5ce2fe28308fd9f2a7baf3a.jpg
referanslar,20250124052125,https://devaaluminyum.com/resimler/0-761997625541-1f0e3dad99908345f7439f8ffabdffc4.jpg,200,43295,archive/recovered-root-assets/referanslar/resimler/0-761997625541-1f0e3dad99908345f7439f8ffabdffc4.jpg
referanslar,20250124052125,https://devaaluminyum.com/resimler/0-761997625541-1f0e3dad99908345f7439f8ffabdffc4a.jpg,200,4117,archive/recovered-root-assets/referanslar/resimler/0-761997625541-1f0e3dad99908345f7439f8ffabdffc4a.jpg
referanslar,20250124052125,https://devaaluminyum.com/resimler/0-761997625541-6512bd43d9caa6e02c990b0a82652dca.jpg,200,82702,archive/recovered-root-assets/referanslar/resimler/0-761997625541-6512bd43d9caa6e02c990b0a82652dca.jpg
referanslar,20250124052125,https://devaaluminyum.com/resimler/0-761997625541-6512bd43d9caa6e02c990b0a82652dcaa.jpg,200,6662,archive/recovered-root-assets/referanslar/resimler/0-761997625541-6512bd43d9caa6e02c990b0a82652dcaa.jpg
referanslar,20250124052125,https://devaaluminyum.com/resimler/0-761997625541-6f4922f45568161a8cdf4ad2299f6d23.jpg,200,43845,archive/recovered-root-assets/referanslar/resimler/0-761997625541-6f4922f45568161a8cdf4ad2299f6d23.jpg
referanslar,20250124052125,https://devaaluminyum.com/resimler/0-761997625541-6f4922f45568161a8cdf4ad2299f6d23a.jpg,200,4716,archive/recovered-root-assets/referanslar/resimler/0-761997625541-6f4922f45568161a8cdf4ad2299f6d23a.jpg
referanslar,20250124052125,https://devaaluminyum.com/resimler/0-761997625541-70efdf2ec9b086079795c442636b55fb.jpg,200,71112,archive/recovered-root-assets/referanslar/resimler/0-761997625541-70efdf2ec9b086079795c442636b55fb.jpg
referanslar,20250124052125,https://devaaluminyum.com/resimler/0-761997625541-70efdf2ec9b086079795c442636b55fba.jpg,200,5285,archive/recovered-root-assets/referanslar/resimler/0-761997625541-70efdf2ec9b086079795c442636b55fba.jpg
referanslar,20250124052125,https://devaaluminyum.com/resimler/0-761997625541-98f13708210194c475687be6106a3b84.jpg,200,71074,archive/recovered-root-assets/referanslar/resimler/0-761997625541-98f13708210194c475687be6106a3b84.jpg
referanslar,20250124052125,https://devaaluminyum.com/resimler/0-761997625541-98f13708210194c475687be6106a3b84a.jpg,200,6053,archive/recovered-root-assets/referanslar/resimler/0-761997625541-98f13708210194c475687be6106a3b84a.jpg
referanslar,20250124052125,https://devaaluminyum.com/resimler/0-761997625541-9bf31c7ff062936a96d3c8bd1f8f2ff3.jpg,200,65564,archive/recovered-root-assets/referanslar/resimler/0-761997625541-9bf31c7ff062936a96d3c8bd1f8f2ff3.jpg
referanslar,20250124052125,https://devaaluminyum.com/resimler/0-761997625541-9bf31c7ff062936a96d3c8bd1f8f2ff3a.jpg,200,4252,archive/recovered-root-assets/referanslar/resimler/0-761997625541-9bf31c7ff062936a96d3c8bd1f8f2ff3a.jpg
referanslar,20250124052125,https://devaaluminyum.com/resimler/0-761997625541-aab3238922bcc25a6f606eb525ffdc56.jpg,200,61354,archive/recovered-root-assets/referanslar/resimler/0-761997625541-aab3238922bcc25a6f606eb525ffdc56.jpg
referanslar,20250124052125,https://devaaluminyum.com/resimler/0-761997625541-aab3238922bcc25a6f606eb525ffdc56a.jpg,200,4407,archive/recovered-root-assets/referanslar/resimler/0-761997625541-aab3238922bcc25a6f606eb525ffdc56a.jpg
referanslar,20250124052125,https://devaaluminyum.com/resimler/0-761997625541-c20ad4d76fe97759aa27a0c99bff6710.jpg,200,67898,archive/recovered-root-assets/referanslar/resimler/0-761997625541-c20ad4d76fe97759aa27a0c99bff6710.jpg
referanslar,20250124052125,https://devaaluminyum.com/resimler/0-761997625541-c20ad4d76fe97759aa27a0c99bff6710a.jpg,200,4694,archive/recovered-root-assets/referanslar/resimler/0-761997625541-c20ad4d76fe97759aa27a0c99bff6710a.jpg
referanslar,20250124052125,https://devaaluminyum.com/resimler/0-761997625541-c51ce410c124a10e0db5e4b97fc2af39.jpg,200,105619,archive/recovered-root-assets/referanslar/resimler/0-761997625541-c51ce410c124a10e0db5e4b97fc2af39.jpg
referanslar,20250124052125,https://devaaluminyum.com/resimler/0-761997625541-c51ce410c124a10e0db5e4b97fc2af39a.jpg,200,6197,archive/recovered-root-assets/referanslar/resimler/0-761997625541-c51ce410c124a10e0db5e4b97fc2af39a.jpg
referanslar,20250124052125,https://devaaluminyum.com/resimler/0-761997625541-c74d97b01eae257e44aa9d5bade97baf.jpg,200,64082,archive/recovered-root-assets/referanslar/resimler/0-761997625541-c74d97b01eae257e44aa9d5bade97baf.jpg
referanslar,20250124052125,https://devaaluminyum.com/resimler/0-761997625541-c74d97b01eae257e44aa9d5bade97bafa.jpg,200,5095,archive/recovered-root-assets/referanslar/resimler/0-761997625541-c74d97b01eae257e44aa9d5bade97bafa.jpg
aluminyum-dograma,20250124061120,https://devaaluminyum.com/Tema/logo.png,200,6029,archive/recovered-root-assets/aluminyum-dograma/Tema/logo.png
aluminyum-dograma,20250124061120,https://devaaluminyum.com/Tema/style.css,200,16416,archive/recovered-root-assets/aluminyum-dograma/Tema/style.css
aluminyum-dograma,20250124061120,https://devaaluminyum.com/qinternet/alibox/jquery.min.js,200,93870,archive/recovered-root-assets/aluminyum-dograma/qinternet/alibox/jquery.min.js
aluminyum-dograma,20250124061120,https://devaaluminyum.com/qinternet/alibox/lightbox/jquery.lightbox.min.js,200,16978,archive/recovered-root-assets/aluminyum-dograma/qinternet/alibox/lightbox/jquery.lightbox.min.js
aluminyum-dograma,20250124061120,https://devaaluminyum.com/qinternet/alibox/lightbox/themes/facebook/jquery.lightbox.css,200,5789,archive/recovered-root-assets/aluminyum-dograma/qinternet/alibox/lightbox/themes/facebook/jquery.lightbox.css
aluminyum-dograma,20250124061120,https://devaaluminyum.com/qinternet/flexslider/flexslider.css,200,0,
aluminyum-dograma,20250124061120,https://devaaluminyum.com/qinternet/flexslider/jquery.flexslider.js,200,41110,archive/recovered-root-assets/aluminyum-dograma/qinternet/flexslider/jquery.flexslider.js
aluminyum-dograma,20250124061120,https://devaaluminyum.com/qinternet/font.css,200,2151,archive/recovered-root-assets/aluminyum-dograma/qinternet/font.css
aluminyum-dograma,20250124061120,https://devaaluminyum.com/qinternet/jcarousellite_1.0.1.pack.js,200,2137,archive/recovered-root-assets/aluminyum-dograma/qinternet/jcarousellite_1.0.1.pack.js
aluminyum-dograma,20250124061120,https://devaaluminyum.com/qinternet/jquery-1.7.2.js,200,262285,archive/recovered-root-assets/aluminyum-dograma/qinternet/jquery-1.7.2.js
aluminyum-dograma,20250124061120,https://devaaluminyum.com/qinternet/js.js,200,3769,archive/recovered-root-assets/aluminyum-dograma/qinternet/js.js
aluminyum-dograma,20250124061120,https://devaaluminyum.com/qinternet/ortak.css,200,1752,archive/recovered-root-assets/aluminyum-dograma/qinternet/ortak.css
aluminyum-dograma,20250124061120,https://devaaluminyum.com/qinternet/sosyalmedya/facebook.png,200,1966,archive/recovered-root-assets/aluminyum-dograma/qinternet/sosyalmedya/facebook.png
aluminyum-dograma,20250124061120,https://devaaluminyum.com/qinternet/sosyalmedya/hangouts.png,200,3649,archive/recovered-root-assets/aluminyum-dograma/qinternet/sosyalmedya/hangouts.png
aluminyum-dograma,20250124061120,https://devaaluminyum.com/resimler/0-992801538758-1679091c5a880faf6fb5e6087eb1b2dc.jpg,404,0,
aluminyum-dograma,20250124061120,https://devaaluminyum.com/resimler/0-992801538758-1679091c5a880faf6fb5e6087eb1b2dca.jpg,404,0,
aluminyum-dograma,20250124061120,https://devaaluminyum.com/resimler/0-992801538758-8f14e45fceea167a5a36dedd4bea2543.jpg,404,0,
aluminyum-dograma,20250124061120,https://devaaluminyum.com/resimler/0-992801538758-8f14e45fceea167a5a36dedd4bea2543a.jpg,404,0,
aluminyum-dograma,20250124061120,https://devaaluminyum.com/resimler/0-992801538758-a87ff679a2f3e71d9181a67b7542122c.jpg,404,0,
aluminyum-dograma,20250124061120,https://devaaluminyum.com/resimler/0-992801538758-a87ff679a2f3e71d9181a67b7542122ca.jpg,404,0,
aluminyum-dograma,20250124061120,https://devaaluminyum.com/resimler/0-992801538758-c4ca4238a0b923820dcc509a6f75849b.jpg,404,0,
aluminyum-dograma,20250124061120,https://devaaluminyum.com/resimler/0-992801538758-c4ca4238a0b923820dcc509a6f75849ba.jpg,404,0,
aluminyum-dograma,20250124061120,https://devaaluminyum.com/resimler/0-992801538758-c81e728d9d4c2f636f067f89cc14862c.jpg,404,0,
aluminyum-dograma,20250124061120,https://devaaluminyum.com/resimler/0-992801538758-c81e728d9d4c2f636f067f89cc14862ca.jpg,404,0,
aluminyum-dograma,20250124061120,https://devaaluminyum.com/resimler/0-992801538758-c9f0f895fb98ab9159f51fd0297e236d.jpeg,404,0,
aluminyum-dograma,20250124061120,https://devaaluminyum.com/resimler/0-992801538758-c9f0f895fb98ab9159f51fd0297e236da.jpeg,200,5556,archive/recovered-root-assets/aluminyum-dograma/resimler/0-992801538758-c9f0f895fb98ab9159f51fd0297e236da.jpeg
aluminyum-dograma,20250124061120,https://devaaluminyum.com/resimler/0-992801538758-d3d9446802a44259755d38e6d163e820.jpg,404,0,
aluminyum-dograma,20250124061120,https://devaaluminyum.com/resimler/0-992801538758-d3d9446802a44259755d38e6d163e820a.jpg,404,0,
aluminyum-dograma,20250124061120,https://devaaluminyum.com/resimler/0-992801538758-e4da3b7fbbce2345d7772b0674a318d5.jpg,404,0,
aluminyum-dograma,20250124061120,https://devaaluminyum.com/resimler/0-992801538758-e4da3b7fbbce2345d7772b0674a318d5a.jpg,404,0,
aluminyum-dograma,20250124061120,https://devaaluminyum.com/resimler/0-992801538758-eccbc87e4b5ce2fe28308fd9f2a7baf3.jpg,404,0,
aluminyum-dograma,20250124061120,https://devaaluminyum.com/resimler/0-992801538758-eccbc87e4b5ce2fe28308fd9f2a7baf3.png,404,0,
aluminyum-dograma,20250124061120,https://devaaluminyum.com/resimler/0-992801538758-eccbc87e4b5ce2fe28308fd9f2a7baf3a.jpg,404,0,
aluminyum-dograma,20250124061120,https://devaaluminyum.com/resimler/0-992801538758-eccbc87e4b5ce2fe28308fd9f2a7baf3a.png,404,0,
balkon-korkuluk,20250124072853,https://devaaluminyum.com/Tema/logo.png,200,6029,archive/recovered-root-assets/balkon-korkuluk/Tema/logo.png
balkon-korkuluk,20250124072853,https://devaaluminyum.com/Tema/style.css,200,16416,archive/recovered-root-assets/balkon-korkuluk/Tema/style.css
balkon-korkuluk,20250124072853,https://devaaluminyum.com/qinternet/alibox/jquery.min.js,200,93870,archive/recovered-root-assets/balkon-korkuluk/qinternet/alibox/jquery.min.js
balkon-korkuluk,20250124072853,https://devaaluminyum.com/qinternet/alibox/lightbox/jquery.lightbox.min.js,200,16978,archive/recovered-root-assets/balkon-korkuluk/qinternet/alibox/lightbox/jquery.lightbox.min.js
balkon-korkuluk,20250124072853,https://devaaluminyum.com/qinternet/alibox/lightbox/themes/facebook/jquery.lightbox.css,200,5789,archive/recovered-root-assets/balkon-korkuluk/qinternet/alibox/lightbox/themes/facebook/jquery.lightbox.css
balkon-korkuluk,20250124072853,https://devaaluminyum.com/qinternet/flexslider/flexslider.css,200,0,
balkon-korkuluk,20250124072853,https://devaaluminyum.com/qinternet/flexslider/jquery.flexslider.js,200,41110,archive/recovered-root-assets/balkon-korkuluk/qinternet/flexslider/jquery.flexslider.js
balkon-korkuluk,20250124072853,https://devaaluminyum.com/qinternet/font.css,200,2151,archive/recovered-root-assets/balkon-korkuluk/qinternet/font.css
balkon-korkuluk,20250124072853,https://devaaluminyum.com/qinternet/jcarousellite_1.0.1.pack.js,200,2137,archive/recovered-root-assets/balkon-korkuluk/qinternet/jcarousellite_1.0.1.pack.js
balkon-korkuluk,20250124072853,https://devaaluminyum.com/qinternet/jquery-1.7.2.js,200,262285,archive/recovered-root-assets/balkon-korkuluk/qinternet/jquery-1.7.2.js
balkon-korkuluk,20250124072853,https://devaaluminyum.com/qinternet/js.js,200,3769,archive/recovered-root-assets/balkon-korkuluk/qinternet/js.js
balkon-korkuluk,20250124072853,https://devaaluminyum.com/qinternet/ortak.css,200,1752,archive/recovered-root-assets/balkon-korkuluk/qinternet/ortak.css
balkon-korkuluk,20250124072853,https://devaaluminyum.com/qinternet/sosyalmedya/facebook.png,200,1966,archive/recovered-root-assets/balkon-korkuluk/qinternet/sosyalmedya/facebook.png
balkon-korkuluk,20250124072853,https://devaaluminyum.com/qinternet/sosyalmedya/hangouts.png,200,3649,archive/recovered-root-assets/balkon-korkuluk/qinternet/sosyalmedya/hangouts.png
balkon-korkuluk,20250124072853,https://devaaluminyum.com/resimler/0-462234708188-45c48cce2e2d7fbdea1afc51c7c6ad26.jpg,404,0,
balkon-korkuluk,20250124072853,https://devaaluminyum.com/resimler/0-462234708188-45c48cce2e2d7fbdea1afc51c7c6ad26a.jpg,404,0,
balkon-korkuluk,20250124072853,https://devaaluminyum.com/resimler/0-462234708188-8f14e45fceea167a5a36dedd4bea2543.jpg,404,0,
balkon-korkuluk,20250124072853,https://devaaluminyum.com/resimler/0-462234708188-8f14e45fceea167a5a36dedd4bea2543a.jpg,404,0,
balkon-korkuluk,20250124072853,https://devaaluminyum.com/resimler/0-462234708188-96a3be3cf272e017046d1b2674a52bd3.jpg,404,0,
balkon-korkuluk,20250124072853,https://devaaluminyum.com/resimler/0-462234708188-96a3be3cf272e017046d1b2674a52bd3a.jpg,404,0,
balkon-korkuluk,20250124072853,https://devaaluminyum.com/resimler/0-462234708188-a87ff679a2f3e71d9181a67b7542122c.jpg,404,0,
balkon-korkuluk,20250124072853,https://devaaluminyum.com/resimler/0-462234708188-a87ff679a2f3e71d9181a67b7542122ca.jpg,404,0,
balkon-korkuluk,20250124072853,https://devaaluminyum.com/resimler/0-462234708188-c4ca4238a0b923820dcc509a6f75849b.jpg,404,0,
balkon-korkuluk,20250124072853,https://devaaluminyum.com/resimler/0-462234708188-c4ca4238a0b923820dcc509a6f75849ba.jpg,404,0,
balkon-korkuluk,20250124072853,https://devaaluminyum.com/resimler/0-462234708188-c81e728d9d4c2f636f067f89cc14862c.jpg,404,0,
balkon-korkuluk,20250124072853,https://devaaluminyum.com/resimler/0-462234708188-c81e728d9d4c2f636f067f89cc14862ca.jpg,404,0,
balkon-korkuluk,20250124072853,https://devaaluminyum.com/resimler/0-462234708188-c9f0f895fb98ab9159f51fd0297e236d.jpg,404,0,
balkon-korkuluk,20250124072853,https://devaaluminyum.com/resimler/0-462234708188-c9f0f895fb98ab9159f51fd0297e236da.jpg,404,0,
balkon-korkuluk,20250124072853,https://devaaluminyum.com/resimler/0-462234708188-e4da3b7fbbce2345d7772b0674a318d5.jpg,404,0,
balkon-korkuluk,20250124072853,https://devaaluminyum.com/resimler/0-462234708188-e4da3b7fbbce2345d7772b0674a318d5a.jpg,404,0,
balkon-korkuluk,20250124072853,https://devaaluminyum.com/resimler/0-462234708188-eccbc87e4b5ce2fe28308fd9f2a7baf3.jpg,404,0,
balkon-korkuluk,20250124072853,https://devaaluminyum.com/resimler/0-462234708188-eccbc87e4b5ce2fe28308fd9f2a7baf3a.jpg,404,0,
fabrika-yonetim-kompozit,20250124065406,https://devaaluminyum.com/Tema/logo.png,200,6029,archive/recovered-root-assets/fabrika-yonetim-kompozit/Tema/logo.png
fabrika-yonetim-kompozit,20250124065406,https://devaaluminyum.com/Tema/style.css,200,16416,archive/recovered-root-assets/fabrika-yonetim-kompozit/Tema/style.css
fabrika-yonetim-kompozit,20250124065406,https://devaaluminyum.com/qinternet/alibox/jquery.min.js,200,93870,archive/recovered-root-assets/fabrika-yonetim-kompozit/qinternet/alibox/jquery.min.js
fabrika-yonetim-kompozit,20250124065406,https://devaaluminyum.com/qinternet/alibox/lightbox/jquery.lightbox.min.js,200,16978,archive/recovered-root-assets/fabrika-yonetim-kompozit/qinternet/alibox/lightbox/jquery.lightbox.min.js
fabrika-yonetim-kompozit,20250124065406,https://devaaluminyum.com/qinternet/alibox/lightbox/themes/facebook/jquery.lightbox.css,200,5789,archive/recovered-root-assets/fabrika-yonetim-kompozit/qinternet/alibox/lightbox/themes/facebook/jquery.lightbox.css
fabrika-yonetim-kompozit,20250124065406,https://devaaluminyum.com/qinternet/flexslider/flexslider.css,200,0,
fabrika-yonetim-kompozit,20250124065406,https://devaaluminyum.com/qinternet/flexslider/jquery.flexslider.js,200,41110,archive/recovered-root-assets/fabrika-yonetim-kompozit/qinternet/flexslider/jquery.flexslider.js
fabrika-yonetim-kompozit,20250124065406,https://devaaluminyum.com/qinternet/font.css,200,2151,archive/recovered-root-assets/fabrika-yonetim-kompozit/qinternet/font.css
fabrika-yonetim-kompozit,20250124065406,https://devaaluminyum.com/qinternet/jcarousellite_1.0.1.pack.js,200,2137,archive/recovered-root-assets/fabrika-yonetim-kompozit/qinternet/jcarousellite_1.0.1.pack.js
fabrika-yonetim-kompozit,20250124065406,https://devaaluminyum.com/qinternet/jquery-1.7.2.js,200,262285,archive/recovered-root-assets/fabrika-yonetim-kompozit/qinternet/jquery-1.7.2.js
fabrika-yonetim-kompozit,20250124065406,https://devaaluminyum.com/qinternet/js.js,200,3769,archive/recovered-root-assets/fabrika-yonetim-kompozit/qinternet/js.js
fabrika-yonetim-kompozit,20250124065406,https://devaaluminyum.com/qinternet/ortak.css,200,1752,archive/recovered-root-assets/fabrika-yonetim-kompozit/qinternet/ortak.css
fabrika-yonetim-kompozit,20250124065406,https://devaaluminyum.com/qinternet/sosyalmedya/facebook.png,200,1966,archive/recovered-root-assets/fabrika-yonetim-kompozit/qinternet/sosyalmedya/facebook.png
fabrika-yonetim-kompozit,20250124065406,https://devaaluminyum.com/qinternet/sosyalmedya/hangouts.png,200,3649,archive/recovered-root-assets/fabrika-yonetim-kompozit/qinternet/sosyalmedya/hangouts.png
fabrika-yonetim-kompozit,20250124065406,https://devaaluminyum.com/resimler/0-738995457426-1f0e3dad99908345f7439f8ffabdffc4.jpg,404,0,
fabrika-yonetim-kompozit,20250124065406,https://devaaluminyum.com/resimler/0-738995457426-1f0e3dad99908345f7439f8ffabdffc4a.jpg,404,0,
fabrika-yonetim-kompozit,20250124065406,https://devaaluminyum.com/resimler/0-738995457426-6512bd43d9caa6e02c990b0a82652dca.jpg,404,0,
fabrika-yonetim-kompozit,20250124065406,https://devaaluminyum.com/resimler/0-738995457426-6512bd43d9caa6e02c990b0a82652dcaa.jpg,404,0,
fabrika-yonetim-kompozit,20250124065406,https://devaaluminyum.com/resimler/0-738995457426-6f4922f45568161a8cdf4ad2299f6d23.jpg,404,0,
fabrika-yonetim-kompozit,20250124065406,https://devaaluminyum.com/resimler/0-738995457426-6f4922f45568161a8cdf4ad2299f6d23a.jpg,404,0,
fabrika-yonetim-kompozit,20250124065406,https://devaaluminyum.com/resimler/0-738995457426-70efdf2ec9b086079795c442636b55fb.jpg,404,0,
fabrika-yonetim-kompozit,20250124065406,https://devaaluminyum.com/resimler/0-738995457426-70efdf2ec9b086079795c442636b55fba.jpg,404,0,
fabrika-yonetim-kompozit,20250124065406,https://devaaluminyum.com/resimler/0-738995457426-98f13708210194c475687be6106a3b84.jpeg,404,0,
fabrika-yonetim-kompozit,20250124065406,https://devaaluminyum.com/resimler/0-738995457426-98f13708210194c475687be6106a3b84a.jpeg,404,0,
fabrika-yonetim-kompozit,20250124065406,https://devaaluminyum.com/resimler/0-738995457426-9bf31c7ff062936a96d3c8bd1f8f2ff3.jpg,404,0,
fabrika-yonetim-kompozit,20250124065406,https://devaaluminyum.com/resimler/0-738995457426-9bf31c7ff062936a96d3c8bd1f8f2ff3a.jpg,404,0,
fabrika-yonetim-kompozit,20250124065406,https://devaaluminyum.com/resimler/0-738995457426-aab3238922bcc25a6f606eb525ffdc56.jpg,404,0,
fabrika-yonetim-kompozit,20250124065406,https://devaaluminyum.com/resimler/0-738995457426-aab3238922bcc25a6f606eb525ffdc56a.jpg,404,0,
fabrika-yonetim-kompozit,20250124065406,https://devaaluminyum.com/resimler/0-738995457426-c20ad4d76fe97759aa27a0c99bff6710.jpg,404,0,
fabrika-yonetim-kompozit,20250124065406,https://devaaluminyum.com/resimler/0-738995457426-c20ad4d76fe97759aa27a0c99bff6710a.jpg,404,0,
fabrika-yonetim-kompozit,20250124065406,https://devaaluminyum.com/resimler/0-738995457426-c51ce410c124a10e0db5e4b97fc2af39.jpeg,404,0,
fabrika-yonetim-kompozit,20250124065406,https://devaaluminyum.com/resimler/0-738995457426-c51ce410c124a10e0db5e4b97fc2af39a.jpeg,404,0,
fabrika-yonetim-kompozit,20250124065406,https://devaaluminyum.com/resimler/0-738995457426-c74d97b01eae257e44aa9d5bade97baf.jpeg,404,0,
fabrika-yonetim-kompozit,20250124065406,https://devaaluminyum.com/resimler/0-738995457426-c74d97b01eae257e44aa9d5bade97bafa.jpeg,404,0,
fotoselli-kapi,20250124062922,https://devaaluminyum.com/Tema/logo.png,200,6029,archive/recovered-root-assets/fotoselli-kapi/Tema/logo.png
fotoselli-kapi,20250124062922,https://devaaluminyum.com/Tema/style.css,200,16416,archive/recovered-root-assets/fotoselli-kapi/Tema/style.css
fotoselli-kapi,20250124062922,https://devaaluminyum.com/qinternet/alibox/jquery.min.js,200,93870,archive/recovered-root-assets/fotoselli-kapi/qinternet/alibox/jquery.min.js
fotoselli-kapi,20250124062922,https://devaaluminyum.com/qinternet/alibox/lightbox/jquery.lightbox.min.js,200,16978,archive/recovered-root-assets/fotoselli-kapi/qinternet/alibox/lightbox/jquery.lightbox.min.js
fotoselli-kapi,20250124062922,https://devaaluminyum.com/qinternet/alibox/lightbox/themes/facebook/jquery.lightbox.css,200,5789,archive/recovered-root-assets/fotoselli-kapi/qinternet/alibox/lightbox/themes/facebook/jquery.lightbox.css
fotoselli-kapi,20250124062922,https://devaaluminyum.com/qinternet/flexslider/flexslider.css,200,0,
fotoselli-kapi,20250124062922,https://devaaluminyum.com/qinternet/flexslider/jquery.flexslider.js,200,41110,archive/recovered-root-assets/fotoselli-kapi/qinternet/flexslider/jquery.flexslider.js
fotoselli-kapi,20250124062922,https://devaaluminyum.com/qinternet/font.css,200,2151,archive/recovered-root-assets/fotoselli-kapi/qinternet/font.css
fotoselli-kapi,20250124062922,https://devaaluminyum.com/qinternet/jcarousellite_1.0.1.pack.js,200,2137,archive/recovered-root-assets/fotoselli-kapi/qinternet/jcarousellite_1.0.1.pack.js
fotoselli-kapi,20250124062922,https://devaaluminyum.com/qinternet/jquery-1.7.2.js,200,262285,archive/recovered-root-assets/fotoselli-kapi/qinternet/jquery-1.7.2.js
fotoselli-kapi,20250124062922,https://devaaluminyum.com/qinternet/js.js,200,3769,archive/recovered-root-assets/fotoselli-kapi/qinternet/js.js
fotoselli-kapi,20250124062922,https://devaaluminyum.com/qinternet/ortak.css,200,1752,archive/recovered-root-assets/fotoselli-kapi/qinternet/ortak.css
fotoselli-kapi,20250124062922,https://devaaluminyum.com/qinternet/sosyalmedya/facebook.png,200,1966,archive/recovered-root-assets/fotoselli-kapi/qinternet/sosyalmedya/facebook.png
fotoselli-kapi,20250124062922,https://devaaluminyum.com/qinternet/sosyalmedya/hangouts.png,200,3649,archive/recovered-root-assets/fotoselli-kapi/qinternet/sosyalmedya/hangouts.png
fotoselli-kapi,20250124062922,https://devaaluminyum.com/resimler/0-251646855715-4eab6805c6e27e340ef9a412aaaf99c2.jpg,404,0,
fotoselli-kapi,20250124062922,https://devaaluminyum.com/resimler/0-251646855715-4eab6805c6e27e340ef9a412aaaf99c2a.jpg,404,0,
fotoselli-kapi,20250124062922,https://devaaluminyum.com/resimler/0-370239429934-98f1b5a2506c6e4773c499a05a229ac0.jpg,404,0,
fotoselli-kapi,20250124062922,https://devaaluminyum.com/resimler/0-370239429934-98f1b5a2506c6e4773c499a05a229ac0a.jpg,404,0,
fotoselli-kapi,20250124062922,https://devaaluminyum.com/resimler/0-389839483297-e3dd86d61341ac9b3dc2298b2dd82535.jpg,404,0,
fotoselli-kapi,20250124062922,https://devaaluminyum.com/resimler/0-389839483297-e3dd86d61341ac9b3dc2298b2dd82535a.jpg,404,0,
fotoselli-kapi,20250124062922,https://devaaluminyum.com/resimler/0-392465625869-30eae5af8f632a43f9fff5450b96355b.jpg,404,0,
fotoselli-kapi,20250124062922,https://devaaluminyum.com/resimler/0-392465625869-30eae5af8f632a43f9fff5450b96355ba.jpg,404,0,
fotoselli-kapi,20250124062922,https://devaaluminyum.com/resimler/0-407174758501-779377033f7dd8b7944fbae6fe5ee705.jpg,404,0,
fotoselli-kapi,20250124062922,https://devaaluminyum.com/resimler/0-407174758501-779377033f7dd8b7944fbae6fe5ee705a.jpg,404,0,
fotoselli-kapi,20250124062922,https://devaaluminyum.com/resimler/0-511705664519-f28875dc837fbf7ae4776e5948af7a65.jpg,404,0,
fotoselli-kapi,20250124062922,https://devaaluminyum.com/resimler/0-511705664519-f28875dc837fbf7ae4776e5948af7a65a.jpg,200,5472,archive/recovered-root-assets/fotoselli-kapi/resimler/0-511705664519-f28875dc837fbf7ae4776e5948af7a65a.jpg
fotoselli-kapi,20250124062922,https://devaaluminyum.com/resimler/0-736957289762-3eed0271d87041b25ca6cc27e6503d42.jpg,404,0,
fotoselli-kapi,20250124062922,https://devaaluminyum.com/resimler/0-736957289762-3eed0271d87041b25ca6cc27e6503d42a.jpg,404,0,
fotoselli-kapi,20250124062922,https://devaaluminyum.com/resimler/0-777315931552-3665fceb3058ae4ceef437ad4c936423.jpg,404,0,
fotoselli-kapi,20250124062922,https://devaaluminyum.com/resimler/0-777315931552-3665fceb3058ae4ceef437ad4c936423a.jpg,404,0,
fotoselli-kapi,20250124062922,https://devaaluminyum.com/resimler/0-832819333289-564543589fa7b953459c3706ddab84a9.jpg,404,0,
fotoselli-kapi,20250124062922,https://devaaluminyum.com/resimler/0-832819333289-564543589fa7b953459c3706ddab84a9a.jpg,404,0,
fotoselli-kapi,20250124062922,https://devaaluminyum.com/resimler/0-984176392207-f4f02bb8a744a34a78295954b7d45af3.jpg,404,0,
fotoselli-kapi,20250124062922,https://devaaluminyum.com/resimler/0-984176392207-f4f02bb8a744a34a78295954b7d45af3a.jpg,404,0,
hakkimizda,20250124052916,http://devaaluminyum.com/Tema/logo.png,200,6029,archive/recovered-root-assets/hakkimizda/Tema/logo.png
hakkimizda,20250124052916,https://devaaluminyum.com/Tema/logo.png,200,6029,archive/recovered-root-assets/hakkimizda/Tema/logo.png
hakkimizda,20250124052916,https://devaaluminyum.com/Tema/style.css,200,16416,archive/recovered-root-assets/hakkimizda/Tema/style.css
hakkimizda,20250124052916,https://devaaluminyum.com/qinternet/alibox/jquery.min.js,200,93870,archive/recovered-root-assets/hakkimizda/qinternet/alibox/jquery.min.js
hakkimizda,20250124052916,https://devaaluminyum.com/qinternet/alibox/lightbox/jquery.lightbox.min.js,200,16978,archive/recovered-root-assets/hakkimizda/qinternet/alibox/lightbox/jquery.lightbox.min.js
hakkimizda,20250124052916,https://devaaluminyum.com/qinternet/alibox/lightbox/themes/facebook/jquery.lightbox.css,200,5789,archive/recovered-root-assets/hakkimizda/qinternet/alibox/lightbox/themes/facebook/jquery.lightbox.css
hakkimizda,20250124052916,https://devaaluminyum.com/qinternet/flexslider/flexslider.css,200,0,
hakkimizda,20250124052916,https://devaaluminyum.com/qinternet/flexslider/jquery.flexslider.js,200,41110,archive/recovered-root-assets/hakkimizda/qinternet/flexslider/jquery.flexslider.js
hakkimizda,20250124052916,https://devaaluminyum.com/qinternet/font.css,200,2151,archive/recovered-root-assets/hakkimizda/qinternet/font.css
hakkimizda,20250124052916,https://devaaluminyum.com/qinternet/jcarousellite_1.0.1.pack.js,200,2137,archive/recovered-root-assets/hakkimizda/qinternet/jcarousellite_1.0.1.pack.js
hakkimizda,20250124052916,https://devaaluminyum.com/qinternet/jquery-1.7.2.js,200,262285,archive/recovered-root-assets/hakkimizda/qinternet/jquery-1.7.2.js
hakkimizda,20250124052916,https://devaaluminyum.com/qinternet/js.js,200,3769,archive/recovered-root-assets/hakkimizda/qinternet/js.js
hakkimizda,20250124052916,https://devaaluminyum.com/qinternet/ortak.css,200,1752,archive/recovered-root-assets/hakkimizda/qinternet/ortak.css
hakkimizda,20250124052916,https://devaaluminyum.com/qinternet/sosyalmedya/facebook.png,200,1966,archive/recovered-root-assets/hakkimizda/qinternet/sosyalmedya/facebook.png
hakkimizda,20250124052916,https://devaaluminyum.com/qinternet/sosyalmedya/hangouts.png,200,3649,archive/recovered-root-assets/hakkimizda/qinternet/sosyalmedya/hangouts.png
merdiven-korkuluk,20250124054130,https://devaaluminyum.com/Tema/logo.png,200,6029,archive/recovered-root-assets/merdiven-korkuluk/Tema/logo.png
merdiven-korkuluk,20250124054130,https://devaaluminyum.com/Tema/style.css,200,16416,archive/recovered-root-assets/merdiven-korkuluk/Tema/style.css
merdiven-korkuluk,20250124054130,https://devaaluminyum.com/qinternet/alibox/jquery.min.js,200,93870,archive/recovered-root-assets/merdiven-korkuluk/qinternet/alibox/jquery.min.js
merdiven-korkuluk,20250124054130,https://devaaluminyum.com/qinternet/alibox/lightbox/jquery.lightbox.min.js,200,16978,archive/recovered-root-assets/merdiven-korkuluk/qinternet/alibox/lightbox/jquery.lightbox.min.js
merdiven-korkuluk,20250124054130,https://devaaluminyum.com/qinternet/alibox/lightbox/themes/facebook/jquery.lightbox.css,200,5789,archive/recovered-root-assets/merdiven-korkuluk/qinternet/alibox/lightbox/themes/facebook/jquery.lightbox.css
merdiven-korkuluk,20250124054130,https://devaaluminyum.com/qinternet/flexslider/flexslider.css,200,0,
merdiven-korkuluk,20250124054130,https://devaaluminyum.com/qinternet/flexslider/jquery.flexslider.js,200,41110,archive/recovered-root-assets/merdiven-korkuluk/qinternet/flexslider/jquery.flexslider.js
merdiven-korkuluk,20250124054130,https://devaaluminyum.com/qinternet/font.css,200,2151,archive/recovered-root-assets/merdiven-korkuluk/qinternet/font.css
merdiven-korkuluk,20250124054130,https://devaaluminyum.com/qinternet/jcarousellite_1.0.1.pack.js,200,2137,archive/recovered-root-assets/merdiven-korkuluk/qinternet/jcarousellite_1.0.1.pack.js
merdiven-korkuluk,20250124054130,https://devaaluminyum.com/qinternet/jquery-1.7.2.js,200,262285,archive/recovered-root-assets/merdiven-korkuluk/qinternet/jquery-1.7.2.js
merdiven-korkuluk,20250124054130,https://devaaluminyum.com/qinternet/js.js,200,3769,archive/recovered-root-assets/merdiven-korkuluk/qinternet/js.js
merdiven-korkuluk,20250124054130,https://devaaluminyum.com/qinternet/ortak.css,200,1752,archive/recovered-root-assets/merdiven-korkuluk/qinternet/ortak.css
merdiven-korkuluk,20250124054130,https://devaaluminyum.com/qinternet/sosyalmedya/facebook.png,200,1966,archive/recovered-root-assets/merdiven-korkuluk/qinternet/sosyalmedya/facebook.png
merdiven-korkuluk,20250124054130,https://devaaluminyum.com/qinternet/sosyalmedya/hangouts.png,200,3649,archive/recovered-root-assets/merdiven-korkuluk/qinternet/sosyalmedya/hangouts.png
merdiven-korkuluk,20250124054130,https://devaaluminyum.com/resimler/0-364913338130-c4ca4238a0b923820dcc509a6f75849b.jpeg,404,0,
merdiven-korkuluk,20250124054130,https://devaaluminyum.com/resimler/0-364913338130-c4ca4238a0b923820dcc509a6f75849ba.jpeg,404,0,
merdiven-korkuluk,20250124054130,https://devaaluminyum.com/resimler/0-364913338130-c81e728d9d4c2f636f067f89cc14862c.jpg,404,0,
merdiven-korkuluk,20250124054130,https://devaaluminyum.com/resimler/0-364913338130-c81e728d9d4c2f636f067f89cc14862ca.jpg,404,0,
merdiven-korkuluk,20250124054130,https://devaaluminyum.com/resimler/0-364913338130-eccbc87e4b5ce2fe28308fd9f2a7baf3.jpg,404,0,
merdiven-korkuluk,20250124054130,https://devaaluminyum.com/resimler/0-364913338130-eccbc87e4b5ce2fe28308fd9f2a7baf3a.jpg,404,0,
merdiven-korkuluk,20250124054130,https://devaaluminyum.com/resimler/0-834556141573-1f0e3dad99908345f7439f8ffabdffc4.jpg,404,0,
merdiven-korkuluk,20250124054130,https://devaaluminyum.com/resimler/0-834556141573-1f0e3dad99908345f7439f8ffabdffc4a.jpg,404,0,
merdiven-korkuluk,20250124054130,https://devaaluminyum.com/resimler/0-834556141573-6512bd43d9caa6e02c990b0a82652dca.jpg,404,0,
merdiven-korkuluk,20250124054130,https://devaaluminyum.com/resimler/0-834556141573-6512bd43d9caa6e02c990b0a82652dcaa.jpg,200,5407,archive/recovered-root-assets/merdiven-korkuluk/resimler/0-834556141573-6512bd43d9caa6e02c990b0a82652dcaa.jpg
merdiven-korkuluk,20250124054130,https://devaaluminyum.com/resimler/0-834556141573-6f4922f45568161a8cdf4ad2299f6d23.jpg,404,0,
merdiven-korkuluk,20250124054130,https://devaaluminyum.com/resimler/0-834556141573-6f4922f45568161a8cdf4ad2299f6d23a.jpg,404,0,
merdiven-korkuluk,20250124054130,https://devaaluminyum.com/resimler/0-834556141573-70efdf2ec9b086079795c442636b55fb.jpg,404,0,
merdiven-korkuluk,20250124054130,https://devaaluminyum.com/resimler/0-834556141573-70efdf2ec9b086079795c442636b55fba.jpg,404,0,
merdiven-korkuluk,20250124054130,https://devaaluminyum.com/resimler/0-834556141573-aab3238922bcc25a6f606eb525ffdc56.jpg,404,0,
merdiven-korkuluk,20250124054130,https://devaaluminyum.com/resimler/0-834556141573-aab3238922bcc25a6f606eb525ffdc56a.jpg,404,0,
merdiven-korkuluk,20250124054130,https://devaaluminyum.com/resimler/0-834556141573-c20ad4d76fe97759aa27a0c99bff6710.jpg,404,0,
merdiven-korkuluk,20250124054130,https://devaaluminyum.com/resimler/0-834556141573-c20ad4d76fe97759aa27a0c99bff6710a.jpg,404,0,
merdiven-korkuluk,20250124054130,https://devaaluminyum.com/resimler/0-834556141573-c74d97b01eae257e44aa9d5bade97baf.jpg,404,0,
merdiven-korkuluk,20250124054130,https://devaaluminyum.com/resimler/0-834556141573-c74d97b01eae257e44aa9d5bade97bafa.jpg,404,0,
fransiz-balkon,20250124063340,http://devaaluminyum.com/resimler/0-128721594396-259936a28ab4276e1426ab9ca3aa107c.jpg,404,0,
fransiz-balkon,20250124063340,http://devaaluminyum.com/resimler/0-128721594396-259936a28ab4276e1426ab9ca3aa107ca.jpg,404,0,
fransiz-balkon,20250124063340,http://devaaluminyum.com/resimler/0-128721594396-3cdf569b0e0ff20fb52a7266f964b471.jpg,404,0,
fransiz-balkon,20250124063340,http://devaaluminyum.com/resimler/0-128721594396-3cdf569b0e0ff20fb52a7266f964b471a.jpg,404,0,
fransiz-balkon,20250124063340,http://devaaluminyum.com/resimler/0-128721594396-44f49da96bb884a8c1435872a6b0ad34.jpg,404,0,
fransiz-balkon,20250124063340,http://devaaluminyum.com/resimler/0-128721594396-44f49da96bb884a8c1435872a6b0ad34a.jpg,404,0,
fransiz-balkon,20250124063340,http://devaaluminyum.com/resimler/0-128721594396-59ad21f8ac71e0fe61a6dc10219fcd1e.jpg,404,0,
fransiz-balkon,20250124063340,http://devaaluminyum.com/resimler/0-128721594396-59ad21f8ac71e0fe61a6dc10219fcd1ea.jpg,404,0,
fransiz-balkon,20250124063340,http://devaaluminyum.com/resimler/0-128721594396-639245830c396b4594c4edb07b08e22d.jpg,404,0,
fransiz-balkon,20250124063340,http://devaaluminyum.com/resimler/0-128721594396-639245830c396b4594c4edb07b08e22da.jpg,404,0,
fransiz-balkon,20250124063340,http://devaaluminyum.com/resimler/0-128721594396-73a1e4783dc5fc8a163aee084848371e.jpg,404,0,
fransiz-balkon,20250124063340,http://devaaluminyum.com/resimler/0-128721594396-73a1e4783dc5fc8a163aee084848371ea.jpg,404,0,
fransiz-balkon,20250124063340,http://devaaluminyum.com/resimler/0-128721594396-7f98db02db5800d96f68fdbe64f0a474.jpg,404,0,
fransiz-balkon,20250124063340,http://devaaluminyum.com/resimler/0-128721594396-7f98db02db5800d96f68fdbe64f0a474a.jpg,404,0,
fransiz-balkon,20250124063340,http://devaaluminyum.com/resimler/0-128721594396-a8d5a41897e25f6cc1f1cd87126d171a.jpg,404,0,
fransiz-balkon,20250124063340,http://devaaluminyum.com/resimler/0-128721594396-a8d5a41897e25f6cc1f1cd87126d171aa.jpg,404,0,
fransiz-balkon,20250124063340,http://devaaluminyum.com/resimler/0-128721594396-be65e0957dd02af66bc10478b3046c6d.jpg,404,0,
fransiz-balkon,20250124063340,http://devaaluminyum.com/resimler/0-128721594396-be65e0957dd02af66bc10478b3046c6da.jpg,404,0,
fransiz-balkon,20250124063340,http://devaaluminyum.com/resimler/0-128721594396-eaee29f75dba2e8cfefe6c9f9ee84aec.jpg,404,0,
fransiz-balkon,20250124063340,http://devaaluminyum.com/resimler/0-128721594396-eaee29f75dba2e8cfefe6c9f9ee84aeca.jpg,404,0,
fransiz-balkon,20250124063340,https://devaaluminyum.com/Tema/logo.png,200,6029,archive/recovered-root-assets/fransiz-balkon/Tema/logo.png
fransiz-balkon,20250124063340,https://devaaluminyum.com/Tema/style.css,200,16416,archive/recovered-root-assets/fransiz-balkon/Tema/style.css
fransiz-balkon,20250124063340,https://devaaluminyum.com/qinternet/alibox/jquery.min.js,200,93870,archive/recovered-root-assets/fransiz-balkon/qinternet/alibox/jquery.min.js
fransiz-balkon,20250124063340,https://devaaluminyum.com/qinternet/alibox/lightbox/jquery.lightbox.min.js,200,16978,archive/recovered-root-assets/fransiz-balkon/qinternet/alibox/lightbox/jquery.lightbox.min.js
fransiz-balkon,20250124063340,https://devaaluminyum.com/qinternet/alibox/lightbox/themes/facebook/jquery.lightbox.css,200,5789,archive/recovered-root-assets/fransiz-balkon/qinternet/alibox/lightbox/themes/facebook/jquery.lightbox.css
fransiz-balkon,20250124063340,https://devaaluminyum.com/qinternet/flexslider/flexslider.css,200,0,
fransiz-balkon,20250124063340,https://devaaluminyum.com/qinternet/flexslider/jquery.flexslider.js,200,41110,archive/recovered-root-assets/fransiz-balkon/qinternet/flexslider/jquery.flexslider.js
fransiz-balkon,20250124063340,https://devaaluminyum.com/qinternet/font.css,200,2151,archive/recovered-root-assets/fransiz-balkon/qinternet/font.css
fransiz-balkon,20250124063340,https://devaaluminyum.com/qinternet/jcarousellite_1.0.1.pack.js,200,2137,archive/recovered-root-assets/fransiz-balkon/qinternet/jcarousellite_1.0.1.pack.js
fransiz-balkon,20250124063340,https://devaaluminyum.com/qinternet/jquery-1.7.2.js,200,262285,archive/recovered-root-assets/fransiz-balkon/qinternet/jquery-1.7.2.js
fransiz-balkon,20250124063340,https://devaaluminyum.com/qinternet/js.js,200,3769,archive/recovered-root-assets/fransiz-balkon/qinternet/js.js
fransiz-balkon,20250124063340,https://devaaluminyum.com/qinternet/ortak.css,200,1752,archive/recovered-root-assets/fransiz-balkon/qinternet/ortak.css
fransiz-balkon,20250124063340,https://devaaluminyum.com/qinternet/sosyalmedya/facebook.png,200,1966,archive/recovered-root-assets/fransiz-balkon/qinternet/sosyalmedya/facebook.png
fransiz-balkon,20250124063340,https://devaaluminyum.com/qinternet/sosyalmedya/hangouts.png,200,3649,archive/recovered-root-assets/fransiz-balkon/qinternet/sosyalmedya/hangouts.png
fransiz-balkon,20250124063340,https://devaaluminyum.com/resimler/0-214725407200-259936a28ab4276e1426ab9ca3aa107c.jpg,404,0,
fransiz-balkon,20250124063340,https://devaaluminyum.com/resimler/0-214725407200-259936a28ab4276e1426ab9ca3aa107ca.jpg,404,0,
fransiz-balkon,20250124063340,https://devaaluminyum.com/resimler/0-214725407200-3cdf569b0e0ff20fb52a7266f964b471.jpg,404,0,
fransiz-balkon,20250124063340,https://devaaluminyum.com/resimler/0-214725407200-3cdf569b0e0ff20fb52a7266f964b471a.jpg,404,0,
fransiz-balkon,20250124063340,https://devaaluminyum.com/resimler/0-214725407200-44f49da96bb884a8c1435872a6b0ad34.jpg,404,0,
fransiz-balkon,20250124063340,https://devaaluminyum.com/resimler/0-214725407200-44f49da96bb884a8c1435872a6b0ad34a.jpg,404,0,
fransiz-balkon,20250124063340,https://devaaluminyum.com/resimler/0-214725407200-59ad21f8ac71e0fe61a6dc10219fcd1e.jpg,404,0,
fransiz-balkon,20250124063340,https://devaaluminyum.com/resimler/0-214725407200-59ad21f8ac71e0fe61a6dc10219fcd1ea.jpg,404,0,
fransiz-balkon,20250124063340,https://devaaluminyum.com/resimler/0-214725407200-639245830c396b4594c4edb07b08e22d.jpg,404,0,
fransiz-balkon,20250124063340,https://devaaluminyum.com/resimler/0-214725407200-639245830c396b4594c4edb07b08e22da.jpg,200,5583,archive/recovered-root-assets/fransiz-balkon/resimler/0-214725407200-639245830c396b4594c4edb07b08e22da.jpg
fransiz-balkon,20250124063340,https://devaaluminyum.com/resimler/0-214725407200-73a1e4783dc5fc8a163aee084848371e.jpg,404,0,
fransiz-balkon,20250124063340,https://devaaluminyum.com/resimler/0-214725407200-73a1e4783dc5fc8a163aee084848371ea.jpg,200,6517,archive/recovered-root-assets/fransiz-balkon/resimler/0-214725407200-73a1e4783dc5fc8a163aee084848371ea.jpg
fransiz-balkon,20250124063340,https://devaaluminyum.com/resimler/0-214725407200-7f98db02db5800d96f68fdbe64f0a474.jpg,404,0,
fransiz-balkon,20250124063340,https://devaaluminyum.com/resimler/0-214725407200-7f98db02db5800d96f68fdbe64f0a474a.jpg,404,0,
fransiz-balkon,20250124063340,https://devaaluminyum.com/resimler/0-214725407200-a8d5a41897e25f6cc1f1cd87126d171a.jpg,404,0,
fransiz-balkon,20250124063340,https://devaaluminyum.com/resimler/0-214725407200-a8d5a41897e25f6cc1f1cd87126d171aa.jpg,404,0,
fransiz-balkon,20250124063340,https://devaaluminyum.com/resimler/0-214725407200-be65e0957dd02af66bc10478b3046c6d.jpg,404,0,
fransiz-balkon,20250124063340,https://devaaluminyum.com/resimler/0-214725407200-be65e0957dd02af66bc10478b3046c6da.jpg,404,0,
fransiz-balkon,20250124063340,https://devaaluminyum.com/resimler/0-214725407200-eaee29f75dba2e8cfefe6c9f9ee84aec.jpg,404,0,
fransiz-balkon,20250124063340,https://devaaluminyum.com/resimler/0-214725407200-eaee29f75dba2e8cfefe6c9f9ee84aeca.jpg,404,0,
iletisim,20250124061252,https://devaaluminyum.com/Tema/logo.png,200,6029,archive/recovered-root-assets/iletisim/Tema/logo.png
iletisim,20250124061252,https://devaaluminyum.com/Tema/style.css,200,16416,archive/recovered-root-assets/iletisim/Tema/style.css
iletisim,20250124061252,https://devaaluminyum.com/qinternet/alibox/jquery.min.js,200,93870,archive/recovered-root-assets/iletisim/qinternet/alibox/jquery.min.js
iletisim,20250124061252,https://devaaluminyum.com/qinternet/alibox/lightbox/jquery.lightbox.min.js,200,16978,archive/recovered-root-assets/iletisim/qinternet/alibox/lightbox/jquery.lightbox.min.js
iletisim,20250124061252,https://devaaluminyum.com/qinternet/alibox/lightbox/themes/facebook/jquery.lightbox.css,200,5789,archive/recovered-root-assets/iletisim/qinternet/alibox/lightbox/themes/facebook/jquery.lightbox.css
iletisim,20250124061252,https://devaaluminyum.com/qinternet/flexslider/flexslider.css,200,0,
iletisim,20250124061252,https://devaaluminyum.com/qinternet/flexslider/jquery.flexslider.js,200,41110,archive/recovered-root-assets/iletisim/qinternet/flexslider/jquery.flexslider.js
iletisim,20250124061252,https://devaaluminyum.com/qinternet/font.css,200,2151,archive/recovered-root-assets/iletisim/qinternet/font.css
iletisim,20250124061252,https://devaaluminyum.com/qinternet/jcarousellite_1.0.1.pack.js,200,2137,archive/recovered-root-assets/iletisim/qinternet/jcarousellite_1.0.1.pack.js
iletisim,20250124061252,https://devaaluminyum.com/qinternet/jquery-1.7.2.js,200,262285,archive/recovered-root-assets/iletisim/qinternet/jquery-1.7.2.js
iletisim,20250124061252,https://devaaluminyum.com/qinternet/js.js,200,3769,archive/recovered-root-assets/iletisim/qinternet/js.js
iletisim,20250124061252,https://devaaluminyum.com/qinternet/ortak.css,200,1752,archive/recovered-root-assets/iletisim/qinternet/ortak.css
iletisim,20250124061252,https://devaaluminyum.com/qinternet/sosyalmedya/facebook.png,200,1966,archive/recovered-root-assets/iletisim/qinternet/sosyalmedya/facebook.png
iletisim,20250124061252,https://devaaluminyum.com/qinternet/sosyalmedya/hangouts.png,200,3649,archive/recovered-root-assets/iletisim/qinternet/sosyalmedya/hangouts.png
anasayfa-2025-07,20250711185606,https://devaaluminyum.com/Tema/css/main.css,200,42840,archive/recovered-root-assets/anasayfa-2025-07/Tema/css/main.css
anasayfa-2025-07,20250711185606,https://devaaluminyum.com/Tema/css/variables.css,200,7797,archive/recovered-root-assets/anasayfa-2025-07/Tema/css/variables.css
anasayfa-2025-07,20250711185606,https://devaaluminyum.com/Tema/js/main.js,200,6479,archive/recovered-root-assets/anasayfa-2025-07/Tema/js/main.js
anasayfa-2025-07,20250711185606,https://devaaluminyum.com/Tema/logo.png,200,6029,archive/recovered-root-assets/anasayfa-2025-07/Tema/logo.png
anasayfa-2025-07,20250711185606,https://devaaluminyum.com/Tema/vendor/aos/aos.css,200,26053,archive/recovered-root-assets/anasayfa-2025-07/Tema/vendor/aos/aos.css
anasayfa-2025-07,20250711185606,https://devaaluminyum.com/Tema/vendor/aos/aos.js,200,14690,archive/recovered-root-assets/anasayfa-2025-07/Tema/vendor/aos/aos.js
anasayfa-2025-07,20250711185606,https://devaaluminyum.com/Tema/vendor/bootstrap-icons/bootstrap-icons.css,200,88585,archive/recovered-root-assets/anasayfa-2025-07/Tema/vendor/bootstrap-icons/bootstrap-icons.css
anasayfa-2025-07,20250711185606,https://devaaluminyum.com/Tema/vendor/bootstrap/css/bootstrap.min.css,200,194901,archive/recovered-root-assets/anasayfa-2025-07/Tema/vendor/bootstrap/css/bootstrap.min.css
anasayfa-2025-07,20250711185606,https://devaaluminyum.com/Tema/vendor/bootstrap/js/bootstrap.bundle.min.js,200,80496,archive/recovered-root-assets/anasayfa-2025-07/Tema/vendor/bootstrap/js/bootstrap.bundle.min.js
anasayfa-2025-07,20250711185606,https://devaaluminyum.com/Tema/vendor/glightbox/css/glightbox.min.css,200,13749,archive/recovered-root-assets/anasayfa-2025-07/Tema/vendor/glightbox/css/glightbox.min.css
anasayfa-2025-07,20250711185606,https://devaaluminyum.com/Tema/vendor/glightbox/js/glightbox.min.js,200,55880,archive/recovered-root-assets/anasayfa-2025-07/Tema/vendor/glightbox/js/glightbox.min.js
anasayfa-2025-07,20250711185606,https://devaaluminyum.com/Tema/vendor/swiper/swiper-bundle.min.css,200,16468,archive/recovered-root-assets/anasayfa-2025-07/Tema/vendor/swiper/swiper-bundle.min.css
anasayfa-2025-07,20250711185606,https://devaaluminyum.com/Tema/vendor/swiper/swiper-bundle.min.js,200,143629,archive/recovered-root-assets/anasayfa-2025-07/Tema/vendor/swiper/swiper-bundle.min.js
anasayfa-2025-07,20250711185606,https://devaaluminyum.com/qinternet/sosyalmedya/facebook.png,200,1966,archive/recovered-root-assets/anasayfa-2025-07/qinternet/sosyalmedya/facebook.png
anasayfa-2025-07,20250711185606,https://devaaluminyum.com/qinternet/sosyalmedya/hangouts.png,200,3649,archive/recovered-root-assets/anasayfa-2025-07/qinternet/sosyalmedya/hangouts.png
anasayfa-2025-07,20250711185606,https://devaaluminyum.com/resimler/0-292611611135-45c48cce2e2d7fbdea1afc51c7c6ad26a.jpg,200,4300,archive/recovered-root-assets/anasayfa-2025-07/resimler/0-292611611135-45c48cce2e2d7fbdea1afc51c7c6ad26a.jpg
anasayfa-2025-07,20250711185606,https://devaaluminyum.com/resimler/0-433146404453-d3d9446802a44259755d38e6d163e820a.jpg,200,6719,archive/recovered-root-assets/anasayfa-2025-07/resimler/0-433146404453-d3d9446802a44259755d38e6d163e820a.jpg
anasayfa-2025-07,20250711185606,https://devaaluminyum.com/resimler/0-613778459682-ee0dc655da02e88747edcd64313856a3a.jpg,200,4564,archive/recovered-root-assets/anasayfa-2025-07/resimler/0-613778459682-ee0dc655da02e88747edcd64313856a3a.jpg
anasayfa-2025-07,20250711185606,https://devaaluminyum.com/resimler/0-692121284241-c4ca4238a0b923820dcc509a6f75849ba.jpg,200,4868,archive/recovered-root-assets/anasayfa-2025-07/resimler/0-692121284241-c4ca4238a0b923820dcc509a6f75849ba.jpg
anasayfa-2025-07,20250711185606,https://devaaluminyum.com/resimler/0-802471866709-0eaab519d7112be59f099bf8e4c33903a.jpg,200,5328,archive/recovered-root-assets/anasayfa-2025-07/resimler/0-802471866709-0eaab519d7112be59f099bf8e4c33903a.jpg
anasayfa-2025-07,20250711185606,https://devaaluminyum.com/resimler/aaaaaa2614c0c06ceda22c96e9b6de0893de7f.203318.jpg,200,145766,archive/recovered-root-assets/anasayfa-2025-07/resimler/aaaaaa2614c0c06ceda22c96e9b6de0893de7f.203318.jpg
anasayfa-2025-07,20250711185606,https://devaaluminyum.com/resimler/aaaaaa6c7857455dcedbfa96584abd609a9dde.68d2f5.jpg,200,145966,archive/recovered-root-assets/anasayfa-2025-07/resimler/aaaaaa6c7857455dcedbfa96584abd609a9dde.68d2f5.jpg
anasayfa-2025-07,20250711185606,https://devaaluminyum.com/resimler/aaaaaaa8231de42756dcfe6afbe96dc1b0a2b2.e20428.jpg,200,112030,archive/recovered-root-assets/anasayfa-2025-07/resimler/aaaaaaa8231de42756dcfe6afbe96dc1b0a2b2.e20428.jpg
anasayfa-2025-07,20250711185606,https://devaaluminyum.com/resimler/aaaaaadf847ee6ffe705b5c65e68d86b1278d6.fd9072.jpg,200,167474,archive/recovered-root-assets/anasayfa-2025-07/resimler/aaaaaadf847ee6ffe705b5c65e68d86b1278d6.fd9072.jpg
anasayfa-2025-07,20250711185606,https://devaaluminyum.com/resimler/aaaaaafe70d1b41e921fc3bb9d3d79399c44f6.93ba17.jpg,200,127522,archive/recovered-root-assets/anasayfa-2025-07/resimler/aaaaaafe70d1b41e921fc3bb9d3d79399c44f6.93ba17.jpg
anasayfa-2025-07,20250711185606,https://devaaluminyum.com/rss.php,200,4081,archive/recovered-root-assets/anasayfa-2025-07/rss.php
anasayfa-2025-07,20250711185606,https://devaaluminyum.com/xml.php,200,1740,archive/recovered-root-assets/anasayfa-2025-07/xml.php
bina-giris-kapisi,20250124072352,https://devaaluminyum.com/Tema/logo.png,200,6029,archive/recovered-root-assets/bina-giris-kapisi/Tema/logo.png
bina-giris-kapisi,20250124072352,https://devaaluminyum.com/Tema/style.css,200,16416,archive/recovered-root-assets/bina-giris-kapisi/Tema/style.css
bina-giris-kapisi,20250124072352,https://devaaluminyum.com/qinternet/alibox/jquery.min.js,200,93870,archive/recovered-root-assets/bina-giris-kapisi/qinternet/alibox/jquery.min.js
bina-giris-kapisi,20250124072352,https://devaaluminyum.com/qinternet/alibox/lightbox/jquery.lightbox.min.js,200,16978,archive/recovered-root-assets/bina-giris-kapisi/qinternet/alibox/lightbox/jquery.lightbox.min.js
bina-giris-kapisi,20250124072352,https://devaaluminyum.com/qinternet/alibox/lightbox/themes/facebook/jquery.lightbox.css,200,5789,archive/recovered-root-assets/bina-giris-kapisi/qinternet/alibox/lightbox/themes/facebook/jquery.lightbox.css
bina-giris-kapisi,20250124072352,https://devaaluminyum.com/qinternet/flexslider/flexslider.css,200,0,
bina-giris-kapisi,20250124072352,https://devaaluminyum.com/qinternet/flexslider/jquery.flexslider.js,200,41110,archive/recovered-root-assets/bina-giris-kapisi/qinternet/flexslider/jquery.flexslider.js
bina-giris-kapisi,20250124072352,https://devaaluminyum.com/qinternet/font.css,200,2151,archive/recovered-root-assets/bina-giris-kapisi/qinternet/font.css
bina-giris-kapisi,20250124072352,https://devaaluminyum.com/qinternet/jcarousellite_1.0.1.pack.js,200,2137,archive/recovered-root-assets/bina-giris-kapisi/qinternet/jcarousellite_1.0.1.pack.js
bina-giris-kapisi,20250124072352,https://devaaluminyum.com/qinternet/jquery-1.7.2.js,200,262285,archive/recovered-root-assets/bina-giris-kapisi/qinternet/jquery-1.7.2.js
bina-giris-kapisi,20250124072352,https://devaaluminyum.com/qinternet/js.js,200,3769,archive/recovered-root-assets/bina-giris-kapisi/qinternet/js.js
bina-giris-kapisi,20250124072352,https://devaaluminyum.com/qinternet/ortak.css,200,1752,archive/recovered-root-assets/bina-giris-kapisi/qinternet/ortak.css
bina-giris-kapisi,20250124072352,https://devaaluminyum.com/qinternet/sosyalmedya/facebook.png,200,1966,archive/recovered-root-assets/bina-giris-kapisi/qinternet/sosyalmedya/facebook.png
bina-giris-kapisi,20250124072352,https://devaaluminyum.com/qinternet/sosyalmedya/hangouts.png,200,3649,archive/recovered-root-assets/bina-giris-kapisi/qinternet/sosyalmedya/hangouts.png
bina-giris-kapisi,20250124072352,https://devaaluminyum.com/resimler/0-522964470860-144cb8381aea8b7eb240d8c884e65495.jpg,404,0,
bina-giris-kapisi,20250124072352,https://devaaluminyum.com/resimler/0-522964470860-144cb8381aea8b7eb240d8c884e65495a.jpg,404,0,
bina-giris-kapisi,20250124072352,https://devaaluminyum.com/resimler/0-522964470860-59b514174bffe4ae402b3d63aad79fe0.jpg,404,0,
bina-giris-kapisi,20250124072352,https://devaaluminyum.com/resimler/0-522964470860-59b514174bffe4ae402b3d63aad79fe0a.jpg,404,0,
bina-giris-kapisi,20250124072352,https://devaaluminyum.com/resimler/0-522964470860-68a3565b54473e76ccaf941101a30f53.jpg,404,0,
bina-giris-kapisi,20250124072352,https://devaaluminyum.com/resimler/0-522964470860-68a3565b54473e76ccaf941101a30f53a.jpg,404,0,
bina-giris-kapisi,20250124072352,https://devaaluminyum.com/resimler/0-522964470860-93cb50a4199b865d519016de2a0f3ace.jpg,404,0,
bina-giris-kapisi,20250124072352,https://devaaluminyum.com/resimler/0-522964470860-93cb50a4199b865d519016de2a0f3acea.jpg,404,0,
bina-giris-kapisi,20250124072352,https://devaaluminyum.com/resimler/0-734271579771-653036cd53f772e256ae01f7a9a5b3d6.jpeg,404,0,
bina-giris-kapisi,20250124072352,https://devaaluminyum.com/resimler/0-734271579771-653036cd53f772e256ae01f7a9a5b3d6a.jpeg,404,0,
bina-giris-kapisi,20250124072352,https://devaaluminyum.com/resimler/0-734271579771-c4ca4238a0b923820dcc509a6f75849b.jpg,404,0,
bina-giris-kapisi,20250124072352,https://devaaluminyum.com/resimler/0-734271579771-c4ca4238a0b923820dcc509a6f75849ba.jpg,404,0,
bina-giris-kapisi,20250124072352,https://devaaluminyum.com/resimler/0-734271579771-c4ca4238a0b923820dcc509a6f75849ba.jpgf3e9cbde-dc56-4e3e-b18f-ea2129ee5fa9,404,0,
bina-giris-kapisi,20250124072352,https://devaaluminyum.com/resimler/0-913389889372-202f536bc28823d4922b5b23642ca4a8.jpg,404,0,
bina-giris-kapisi,20250124072352,https://devaaluminyum.com/resimler/0-913389889372-202f536bc28823d4922b5b23642ca4a8a.jpg,404,0,
bina-giris-kapisi,20250124072352,https://devaaluminyum.com/resimler/0-913389889372-4c80c399f4a8330539db42952cfd99e9.jpg,404,0,
bina-giris-kapisi,20250124072352,https://devaaluminyum.com/resimler/0-913389889372-4c80c399f4a8330539db42952cfd99e9a.jpg,404,0,
bina-giris-kapisi,20250124072352,https://devaaluminyum.com/resimler/0-913389889372-59b514174bffe4ae402b3d63aad79fe0.jpg,404,0,
bina-giris-kapisi,20250124072352,https://devaaluminyum.com/resimler/0-913389889372-59b514174bffe4ae402b3d63aad79fe0a.jpg,404,0,
bina-giris-kapisi,20250124072352,https://devaaluminyum.com/resimler/0-913389889372-76b1a56588660586c5835c37378ad644.jpg,404,0,
bina-giris-kapisi,20250124072352,https://devaaluminyum.com/resimler/0-913389889372-76b1a56588660586c5835c37378ad644a.jpg,200,4781,archive/recovered-root-assets/bina-giris-kapisi/resimler/0-913389889372-76b1a56588660586c5835c37378ad644a.jpg
bina-giris-kapisi,20250124072352,https://devaaluminyum.com/resimler/0-913389889372-a5a0047a00291fc669baeb17fa916e7f.jpg,404,0,
bina-giris-kapisi,20250124072352,https://devaaluminyum.com/resimler/0-913389889372-a5a0047a00291fc669baeb17fa916e7fa.jpg,404,0,
bina-giris-kapisi,20250124072352,https://devaaluminyum.com/resimler/0-913389889372-ade9e87e460a39d0c81f37301ca4416b.jpg,404,0,
bina-giris-kapisi,20250124072352,https://devaaluminyum.com/resimler/0-913389889372-ade9e87e460a39d0c81f37301ca4416ba.jpg,404,0,
bina-giris-kapisi,20250124072352,https://devaaluminyum.com/resimler/0-913389889372-caf1db0377dffe4066a225849245c9be.JPG,404,0,
bina-giris-kapisi,20250124072352,https://devaaluminyum.com/resimler/0-913389889372-caf1db0377dffe4066a225849245c9bea.JPG,404,0,
ofis-bolmeleri,20250124060157,https://devaaluminyum.com/Tema/logo.png,200,6029,archive/recovered-root-assets/ofis-bolmeleri/Tema/logo.png
ofis-bolmeleri,20250124060157,https://devaaluminyum.com/Tema/style.css,200,16416,archive/recovered-root-assets/ofis-bolmeleri/Tema/style.css
ofis-bolmeleri,20250124060157,https://devaaluminyum.com/qinternet/alibox/jquery.min.js,200,93870,archive/recovered-root-assets/ofis-bolmeleri/qinternet/alibox/jquery.min.js
ofis-bolmeleri,20250124060157,https://devaaluminyum.com/qinternet/alibox/lightbox/jquery.lightbox.min.js,200,16978,archive/recovered-root-assets/ofis-bolmeleri/qinternet/alibox/lightbox/jquery.lightbox.min.js
ofis-bolmeleri,20250124060157,https://devaaluminyum.com/qinternet/alibox/lightbox/themes/facebook/jquery.lightbox.css,200,5789,archive/recovered-root-assets/ofis-bolmeleri/qinternet/alibox/lightbox/themes/facebook/jquery.lightbox.css
ofis-bolmeleri,20250124060157,https://devaaluminyum.com/qinternet/flexslider/flexslider.css,200,0,
ofis-bolmeleri,20250124060157,https://devaaluminyum.com/qinternet/flexslider/jquery.flexslider.js,200,41110,archive/recovered-root-assets/ofis-bolmeleri/qinternet/flexslider/jquery.flexslider.js
ofis-bolmeleri,20250124060157,https://devaaluminyum.com/qinternet/font.css,200,2151,archive/recovered-root-assets/ofis-bolmeleri/qinternet/font.css
ofis-bolmeleri,20250124060157,https://devaaluminyum.com/qinternet/jcarousellite_1.0.1.pack.js,200,2137,archive/recovered-root-assets/ofis-bolmeleri/qinternet/jcarousellite_1.0.1.pack.js
ofis-bolmeleri,20250124060157,https://devaaluminyum.com/qinternet/jquery-1.7.2.js,200,262285,archive/recovered-root-assets/ofis-bolmeleri/qinternet/jquery-1.7.2.js
ofis-bolmeleri,20250124060157,https://devaaluminyum.com/qinternet/js.js,200,3769,archive/recovered-root-assets/ofis-bolmeleri/qinternet/js.js
ofis-bolmeleri,20250124060157,https://devaaluminyum.com/qinternet/ortak.css,200,1752,archive/recovered-root-assets/ofis-bolmeleri/qinternet/ortak.css
ofis-bolmeleri,20250124060157,https://devaaluminyum.com/qinternet/sosyalmedya/facebook.png,200,1966,archive/recovered-root-assets/ofis-bolmeleri/qinternet/sosyalmedya/facebook.png
ofis-bolmeleri,20250124060157,https://devaaluminyum.com/qinternet/sosyalmedya/hangouts.png,200,3649,archive/recovered-root-assets/ofis-bolmeleri/qinternet/sosyalmedya/hangouts.png
ofis-bolmeleri,20250124060157,https://devaaluminyum.com/resimler/0-802471866709-0eaab519d7112be59f099bf8e4c33903.jpg,404,0,
ofis-bolmeleri,20250124060157,https://devaaluminyum.com/resimler/0-802471866709-0eaab519d7112be59f099bf8e4c33903a.jpg,200,5328,archive/recovered-root-assets/ofis-bolmeleri/resimler/0-802471866709-0eaab519d7112be59f099bf8e4c33903a.jpg
bina-giris-kompozit,20250124062500,https://devaaluminyum.com/Tema/logo.png,200,6029,archive/recovered-root-assets/bina-giris-kompozit/Tema/logo.png
bina-giris-kompozit,20250124062500,https://devaaluminyum.com/Tema/style.css,200,16416,archive/recovered-root-assets/bina-giris-kompozit/Tema/style.css
bina-giris-kompozit,20250124062500,https://devaaluminyum.com/qinternet/alibox/jquery.min.js,200,93870,archive/recovered-root-assets/bina-giris-kompozit/qinternet/alibox/jquery.min.js
bina-giris-kompozit,20250124062500,https://devaaluminyum.com/qinternet/alibox/lightbox/jquery.lightbox.min.js,200,16978,archive/recovered-root-assets/bina-giris-kompozit/qinternet/alibox/lightbox/jquery.lightbox.min.js
bina-giris-kompozit,20250124062500,https://devaaluminyum.com/qinternet/alibox/lightbox/themes/facebook/jquery.lightbox.css,200,5789,archive/recovered-root-assets/bina-giris-kompozit/qinternet/alibox/lightbox/themes/facebook/jquery.lightbox.css
bina-giris-kompozit,20250124062500,https://devaaluminyum.com/qinternet/flexslider/flexslider.css,200,0,
bina-giris-kompozit,20250124062500,https://devaaluminyum.com/qinternet/flexslider/jquery.flexslider.js,200,41110,archive/recovered-root-assets/bina-giris-kompozit/qinternet/flexslider/jquery.flexslider.js
bina-giris-kompozit,20250124062500,https://devaaluminyum.com/qinternet/font.css,200,2151,archive/recovered-root-assets/bina-giris-kompozit/qinternet/font.css
bina-giris-kompozit,20250124062500,https://devaaluminyum.com/qinternet/jcarousellite_1.0.1.pack.js,200,2137,archive/recovered-root-assets/bina-giris-kompozit/qinternet/jcarousellite_1.0.1.pack.js
bina-giris-kompozit,20250124062500,https://devaaluminyum.com/qinternet/jquery-1.7.2.js,200,262285,archive/recovered-root-assets/bina-giris-kompozit/qinternet/jquery-1.7.2.js
bina-giris-kompozit,20250124062500,https://devaaluminyum.com/qinternet/js.js,200,3769,archive/recovered-root-assets/bina-giris-kompozit/qinternet/js.js
bina-giris-kompozit,20250124062500,https://devaaluminyum.com/qinternet/ortak.css,200,1752,archive/recovered-root-assets/bina-giris-kompozit/qinternet/ortak.css
bina-giris-kompozit,20250124062500,https://devaaluminyum.com/qinternet/sosyalmedya/facebook.png,200,1966,archive/recovered-root-assets/bina-giris-kompozit/qinternet/sosyalmedya/facebook.png
bina-giris-kompozit,20250124062500,https://devaaluminyum.com/qinternet/sosyalmedya/hangouts.png,200,3649,archive/recovered-root-assets/bina-giris-kompozit/qinternet/sosyalmedya/hangouts.png
bina-giris-kompozit,20250124062500,https://devaaluminyum.com/resimler/0-433146404453-1679091c5a880faf6fb5e6087eb1b2dc.jpg,404,0,
bina-giris-kompozit,20250124062500,https://devaaluminyum.com/resimler/0-433146404453-1679091c5a880faf6fb5e6087eb1b2dca.jpg,404,0,
bina-giris-kompozit,20250124062500,https://devaaluminyum.com/resimler/0-433146404453-45c48cce2e2d7fbdea1afc51c7c6ad26.jpg,404,0,
bina-giris-kompozit,20250124062500,https://devaaluminyum.com/resimler/0-433146404453-45c48cce2e2d7fbdea1afc51c7c6ad26a.jpg,200,4533,archive/recovered-root-assets/bina-giris-kompozit/resimler/0-433146404453-45c48cce2e2d7fbdea1afc51c7c6ad26a.jpg
bina-giris-kompozit,20250124062500,https://devaaluminyum.com/resimler/0-433146404453-8f14e45fceea167a5a36dedd4bea2543.jpg,404,0,
bina-giris-kompozit,20250124062500,https://devaaluminyum.com/resimler/0-433146404453-8f14e45fceea167a5a36dedd4bea2543a.jpg,404,0,
bina-giris-kompozit,20250124062500,https://devaaluminyum.com/resimler/0-433146404453-a87ff679a2f3e71d9181a67b7542122c.jpg,404,0,
bina-giris-kompozit,20250124062500,https://devaaluminyum.com/resimler/0-433146404453-a87ff679a2f3e71d9181a67b7542122ca.jpg,404,0,
bina-giris-kompozit,20250124062500,https://devaaluminyum.com/resimler/0-433146404453-c4ca4238a0b923820dcc509a6f75849b.jpg,404,0,
bina-giris-kompozit,20250124062500,https://devaaluminyum.com/resimler/0-433146404453-c4ca4238a0b923820dcc509a6f75849ba.jpg,404,0,
bina-giris-kompozit,20250124062500,https://devaaluminyum.com/resimler/0-433146404453-c81e728d9d4c2f636f067f89cc14862c.jpg,404,0,
bina-giris-kompozit,20250124062500,https://devaaluminyum.com/resimler/0-433146404453-c81e728d9d4c2f636f067f89cc14862ca.jpg,404,0,
bina-giris-kompozit,20250124062500,https://devaaluminyum.com/resimler/0-433146404453-c9f0f895fb98ab9159f51fd0297e236d.jpg,404,0,
bina-giris-kompozit,20250124062500,https://devaaluminyum.com/resimler/0-433146404453-c9f0f895fb98ab9159f51fd0297e236da.jpg,404,0,
bina-giris-kompozit,20250124062500,https://devaaluminyum.com/resimler/0-433146404453-d3d9446802a44259755d38e6d163e820.jpg,404,0,
bina-giris-kompozit,20250124062500,https://devaaluminyum.com/resimler/0-433146404453-d3d9446802a44259755d38e6d163e820a.jpg,200,6719,archive/recovered-root-assets/bina-giris-kompozit/resimler/0-433146404453-d3d9446802a44259755d38e6d163e820a.jpg
bina-giris-kompozit,20250124062500,https://devaaluminyum.com/resimler/0-433146404453-e4da3b7fbbce2345d7772b0674a318d5.jpg,404,0,
bina-giris-kompozit,20250124062500,https://devaaluminyum.com/resimler/0-433146404453-e4da3b7fbbce2345d7772b0674a318d5a.jpg,404,0,
bina-giris-kompozit,20250124062500,https://devaaluminyum.com/resimler/0-433146404453-eccbc87e4b5ce2fe28308fd9f2a7baf3.jpg,404,0,
bina-giris-kompozit,20250124062500,https://devaaluminyum.com/resimler/0-433146404453-eccbc87e4b5ce2fe28308fd9f2a7baf3a.jpg,404,0,
cam-balkon,20250124063214,https://devaaluminyum.com/Tema/logo.png,200,6029,archive/recovered-root-assets/cam-balkon/Tema/logo.png
cam-balkon,20250124063214,https://devaaluminyum.com/Tema/style.css,200,16416,archive/recovered-root-assets/cam-balkon/Tema/style.css
cam-balkon,20250124063214,https://devaaluminyum.com/qinternet/alibox/jquery.min.js,200,93870,archive/recovered-root-assets/cam-balkon/qinternet/alibox/jquery.min.js
cam-balkon,20250124063214,https://devaaluminyum.com/qinternet/alibox/lightbox/jquery.lightbox.min.js,200,16978,archive/recovered-root-assets/cam-balkon/qinternet/alibox/lightbox/jquery.lightbox.min.js
cam-balkon,20250124063214,https://devaaluminyum.com/qinternet/alibox/lightbox/themes/facebook/jquery.lightbox.css,200,5789,archive/recovered-root-assets/cam-balkon/qinternet/alibox/lightbox/themes/facebook/jquery.lightbox.css
cam-balkon,20250124063214,https://devaaluminyum.com/qinternet/flexslider/flexslider.css,200,0,
cam-balkon,20250124063214,https://devaaluminyum.com/qinternet/flexslider/jquery.flexslider.js,200,41110,archive/recovered-root-assets/cam-balkon/qinternet/flexslider/jquery.flexslider.js
cam-balkon,20250124063214,https://devaaluminyum.com/qinternet/font.css,200,2151,archive/recovered-root-assets/cam-balkon/qinternet/font.css
cam-balkon,20250124063214,https://devaaluminyum.com/qinternet/jcarousellite_1.0.1.pack.js,200,2137,archive/recovered-root-assets/cam-balkon/qinternet/jcarousellite_1.0.1.pack.js
cam-balkon,20250124063214,https://devaaluminyum.com/qinternet/jquery-1.7.2.js,200,262285,archive/recovered-root-assets/cam-balkon/qinternet/jquery-1.7.2.js
cam-balkon,20250124063214,https://devaaluminyum.com/qinternet/js.js,200,3769,archive/recovered-root-assets/cam-balkon/qinternet/js.js
cam-balkon,20250124063214,https://devaaluminyum.com/qinternet/ortak.css,200,1752,archive/recovered-root-assets/cam-balkon/qinternet/ortak.css
cam-balkon,20250124063214,https://devaaluminyum.com/qinternet/sosyalmedya/facebook.png,200,1966,archive/recovered-root-assets/cam-balkon/qinternet/sosyalmedya/facebook.png
cam-balkon,20250124063214,https://devaaluminyum.com/qinternet/sosyalmedya/hangouts.png,200,3649,archive/recovered-root-assets/cam-balkon/qinternet/sosyalmedya/hangouts.png
cam-balkon,20250124063214,https://devaaluminyum.com/resimler/0-292611611135-45c48cce2e2d7fbdea1afc51c7c6ad26.jpg,404,0,
cam-balkon,20250124063214,https://devaaluminyum.com/resimler/0-292611611135-45c48cce2e2d7fbdea1afc51c7c6ad26a.jpg,200,4300,archive/recovered-root-assets/cam-balkon/resimler/0-292611611135-45c48cce2e2d7fbdea1afc51c7c6ad26a.jpg
cam-balkon,20250124063214,https://devaaluminyum.com/resimler/0-492385691918-1679091c5a880faf6fb5e6087eb1b2dc.jpg,404,0,
cam-balkon,20250124063214,https://devaaluminyum.com/resimler/0-492385691918-1679091c5a880faf6fb5e6087eb1b2dca.jpg,404,0,
cam-balkon,20250124063214,https://devaaluminyum.com/resimler/0-492385691918-45c48cce2e2d7fbdea1afc51c7c6ad26.jpg,404,0,
cam-balkon,20250124063214,https://devaaluminyum.com/resimler/0-492385691918-45c48cce2e2d7fbdea1afc51c7c6ad26a.jpg,404,0,
cam-balkon,20250124063214,https://devaaluminyum.com/resimler/0-492385691918-8f14e45fceea167a5a36dedd4bea2543.jpg,404,0,
cam-balkon,20250124063214,https://devaaluminyum.com/resimler/0-492385691918-8f14e45fceea167a5a36dedd4bea2543a.jpg,404,0,
cam-balkon,20250124063214,https://devaaluminyum.com/resimler/0-492385691918-a87ff679a2f3e71d9181a67b7542122c.jpg,404,0,
cam-balkon,20250124063214,https://devaaluminyum.com/resimler/0-492385691918-a87ff679a2f3e71d9181a67b7542122ca.jpg,404,0,
cam-balkon,20250124063214,https://devaaluminyum.com/resimler/0-492385691918-c4ca4238a0b923820dcc509a6f75849b.jpg,404,0,
cam-balkon,20250124063214,https://devaaluminyum.com/resimler/0-492385691918-c4ca4238a0b923820dcc509a6f75849ba.jpg,404,0,
cam-balkon,20250124063214,https://devaaluminyum.com/resimler/0-492385691918-c81e728d9d4c2f636f067f89cc14862c.jpg,404,0,
cam-balkon,20250124063214,https://devaaluminyum.com/resimler/0-492385691918-c81e728d9d4c2f636f067f89cc14862ca.jpg,404,0,
cam-balkon,20250124063214,https://devaaluminyum.com/resimler/0-492385691918-c9f0f895fb98ab9159f51fd0297e236d.jpg,404,0,
cam-balkon,20250124063214,https://devaaluminyum.com/resimler/0-492385691918-c9f0f895fb98ab9159f51fd0297e236da.jpg,404,0,
cam-balkon,20250124063214,https://devaaluminyum.com/resimler/0-492385691918-e4da3b7fbbce2345d7772b0674a318d5.jpg,404,0,
cam-balkon,20250124063214,https://devaaluminyum.com/resimler/0-492385691918-e4da3b7fbbce2345d7772b0674a318d5a.jpg,404,0,
cam-balkon,20250124063214,https://devaaluminyum.com/resimler/0-492385691918-eccbc87e4b5ce2fe28308fd9f2a7baf3.jpg,404,0,
cam-balkon,20250124063214,https://devaaluminyum.com/resimler/0-492385691918-eccbc87e4b5ce2fe28308fd9f2a7baf3a.jpg,404,0,
cam-balkon,20250124063214,https://devaaluminyum.com/resimler/0-770471526169-1679091c5a880faf6fb5e6087eb1b2dc.jpg,404,0,
cam-balkon,20250124063214,https://devaaluminyum.com/resimler/0-770471526169-1679091c5a880faf6fb5e6087eb1b2dca.jpg,200,5097,archive/recovered-root-assets/cam-balkon/resimler/0-770471526169-1679091c5a880faf6fb5e6087eb1b2dca.jpg
cam-balkon,20250124063214,https://devaaluminyum.com/resimler/0-770471526169-a87ff679a2f3e71d9181a67b7542122c.jpg,404,0,
cam-balkon,20250124063214,https://devaaluminyum.com/resimler/0-770471526169-a87ff679a2f3e71d9181a67b7542122ca.jpg,404,0,
cam-balkon,20250124063214,https://devaaluminyum.com/resimler/0-770471526169-c81e728d9d4c2f636f067f89cc14862c.jpg,404,0,
cam-balkon,20250124063214,https://devaaluminyum.com/resimler/0-770471526169-c81e728d9d4c2f636f067f89cc14862ca.jpg,404,0,
cam-balkon,20250124063214,https://devaaluminyum.com/resimler/0-770471526169-e4da3b7fbbce2345d7772b0674a318d5.jpg,404,0,
cam-balkon,20250124063214,https://devaaluminyum.com/resimler/0-770471526169-e4da3b7fbbce2345d7772b0674a318d5a.jpg,404,0,
cam-balkon,20250124063214,https://devaaluminyum.com/resimler/0-770471526169-eccbc87e4b5ce2fe28308fd9f2a7baf3.jpg,404,0,
cam-balkon,20250124063214,https://devaaluminyum.com/resimler/0-770471526169-eccbc87e4b5ce2fe28308fd9f2a7baf3a.jpg,404,0,
kompozit-kaplama,20250124060751,https://devaaluminyum.com/Tema/logo.png,200,6029,archive/recovered-root-assets/kompozit-kaplama/Tema/logo.png
kompozit-kaplama,20250124060751,https://devaaluminyum.com/Tema/style.css,200,16416,archive/recovered-root-assets/kompozit-kaplama/Tema/style.css
kompozit-kaplama,20250124060751,https://devaaluminyum.com/qinternet/alibox/jquery.min.js,200,93870,archive/recovered-root-assets/kompozit-kaplama/qinternet/alibox/jquery.min.js
kompozit-kaplama,20250124060751,https://devaaluminyum.com/qinternet/alibox/lightbox/jquery.lightbox.min.js,200,16978,archive/recovered-root-assets/kompozit-kaplama/qinternet/alibox/lightbox/jquery.lightbox.min.js
kompozit-kaplama,20250124060751,https://devaaluminyum.com/qinternet/alibox/lightbox/themes/facebook/jquery.lightbox.css,200,5789,archive/recovered-root-assets/kompozit-kaplama/qinternet/alibox/lightbox/themes/facebook/jquery.lightbox.css
kompozit-kaplama,20250124060751,https://devaaluminyum.com/qinternet/flexslider/flexslider.css,200,0,
kompozit-kaplama,20250124060751,https://devaaluminyum.com/qinternet/flexslider/jquery.flexslider.js,200,41110,archive/recovered-root-assets/kompozit-kaplama/qinternet/flexslider/jquery.flexslider.js
kompozit-kaplama,20250124060751,https://devaaluminyum.com/qinternet/font.css,200,2151,archive/recovered-root-assets/kompozit-kaplama/qinternet/font.css
kompozit-kaplama,20250124060751,https://devaaluminyum.com/qinternet/jcarousellite_1.0.1.pack.js,200,2137,archive/recovered-root-assets/kompozit-kaplama/qinternet/jcarousellite_1.0.1.pack.js
kompozit-kaplama,20250124060751,https://devaaluminyum.com/qinternet/jquery-1.7.2.js,200,262285,archive/recovered-root-assets/kompozit-kaplama/qinternet/jquery-1.7.2.js
kompozit-kaplama,20250124060751,https://devaaluminyum.com/qinternet/js.js,200,3769,archive/recovered-root-assets/kompozit-kaplama/qinternet/js.js
kompozit-kaplama,20250124060751,https://devaaluminyum.com/qinternet/ortak.css,200,1752,archive/recovered-root-assets/kompozit-kaplama/qinternet/ortak.css
kompozit-kaplama,20250124060751,https://devaaluminyum.com/qinternet/sosyalmedya/facebook.png,200,1966,archive/recovered-root-assets/kompozit-kaplama/qinternet/sosyalmedya/facebook.png
kompozit-kaplama,20250124060751,https://devaaluminyum.com/qinternet/sosyalmedya/hangouts.png,200,3649,archive/recovered-root-assets/kompozit-kaplama/qinternet/sosyalmedya/hangouts.png
kompozit-kaplama,20250124060751,https://devaaluminyum.com/resimler/0-692121284241-1679091c5a880faf6fb5e6087eb1b2dc.jpg,404,0,
kompozit-kaplama,20250124060751,https://devaaluminyum.com/resimler/0-692121284241-1679091c5a880faf6fb5e6087eb1b2dca.jpg,404,0,
kompozit-kaplama,20250124060751,https://devaaluminyum.com/resimler/0-692121284241-45c48cce2e2d7fbdea1afc51c7c6ad26.PNG,404,0,
kompozit-kaplama,20250124060751,https://devaaluminyum.com/resimler/0-692121284241-45c48cce2e2d7fbdea1afc51c7c6ad26a.PNG,404,0,
kompozit-kaplama,20250124060751,https://devaaluminyum.com/resimler/0-692121284241-8f14e45fceea167a5a36dedd4bea2543.jpg,404,0,
kompozit-kaplama,20250124060751,https://devaaluminyum.com/resimler/0-692121284241-8f14e45fceea167a5a36dedd4bea2543a.jpg,404,0,
kompozit-kaplama,20250124060751,https://devaaluminyum.com/resimler/0-692121284241-a87ff679a2f3e71d9181a67b7542122c.jpg,404,0,
kompozit-kaplama,20250124060751,https://devaaluminyum.com/resimler/0-692121284241-a87ff679a2f3e71d9181a67b7542122ca.jpg,404,0,
kompozit-kaplama,20250124060751,https://devaaluminyum.com/resimler/0-692121284241-c4ca4238a0b923820dcc509a6f75849b.jpg,404,0,
kompozit-kaplama,20250124060751,https://devaaluminyum.com/resimler/0-692121284241-c4ca4238a0b923820dcc509a6f75849ba.jpg,200,4868,archive/recovered-root-assets/kompozit-kaplama/resimler/0-692121284241-c4ca4238a0b923820dcc509a6f75849ba.jpg
kompozit-kaplama,20250124060751,https://devaaluminyum.com/resimler/0-692121284241-c81e728d9d4c2f636f067f89cc14862c.jpg,404,0,
kompozit-kaplama,20250124060751,https://devaaluminyum.com/resimler/0-692121284241-c81e728d9d4c2f636f067f89cc14862ca.jpg,404,0,
kompozit-kaplama,20250124060751,https://devaaluminyum.com/resimler/0-692121284241-c9f0f895fb98ab9159f51fd0297e236d.png,404,0,
kompozit-kaplama,20250124060751,https://devaaluminyum.com/resimler/0-692121284241-c9f0f895fb98ab9159f51fd0297e236da.png,404,0,
kompozit-kaplama,20250124060751,https://devaaluminyum.com/resimler/0-692121284241-d3d9446802a44259755d38e6d163e820.jpg,404,0,
kompozit-kaplama,20250124060751,https://devaaluminyum.com/resimler/0-692121284241-d3d9446802a44259755d38e6d163e820a.jpg,404,0,
kompozit-kaplama,20250124060751,https://devaaluminyum.com/resimler/0-692121284241-e4da3b7fbbce2345d7772b0674a318d5.jpg,404,0,
kompozit-kaplama,20250124060751,https://devaaluminyum.com/resimler/0-692121284241-e4da3b7fbbce2345d7772b0674a318d5a.jpg,404,0,
kompozit-kaplama,20250124060751,https://devaaluminyum.com/resimler/0-692121284241-eccbc87e4b5ce2fe28308fd9f2a7baf3.jpg,404,0,
kompozit-kaplama,20250124060751,https://devaaluminyum.com/resimler/0-692121284241-eccbc87e4b5ce2fe28308fd9f2a7baf3a.jpg,404,0,
