label,timestamp,kind,url,status,bytes,note
referanslar,20250124052125,asset,https://devaaluminyum.com/Sayfa/72/referanslarimiz/qinternet/sosyalmedya/facebook.png,404,0,failed
referanslar,20250124052125,asset,https://devaaluminyum.com/Sayfa/72/referanslarimiz/qinternet/sosyalmedya/hangouts.png,404,0,failed
referanslar,20250124052125,asset,https://devaaluminyum.com/Sayfa/72/referanslarimiz/resimler/0-620694757554-37693cfc748049e45d87b8c7d8b9aacd.jpg,404,0,failed
referanslar,20250124052125,asset,https://devaaluminyum.com/Sayfa/72/referanslarimiz/resimler/0-620694757554-37693cfc748049e45d87b8c7d8b9aacda.jpg,404,0,failed
referanslar,20250124052125,asset,https://devaaluminyum.com/Sayfa/72/referanslarimiz/resimler/0-620694757554-3c59dc048e8850243be8079a5c74d079.jpg,404,0,failed
referanslar,20250124052125,asset,https://devaaluminyum.com/Sayfa/72/referanslarimiz/resimler/0-620694757554-3c59dc048e8850243be8079a5c74d079a.jpg,404,0,failed
referanslar,20250124052125,asset,https://devaaluminyum.com/Sayfa/72/referanslarimiz/resimler/0-620694757554-b6d767d2f8ed5d21a44b0e5886680cb9.jpg,404,0,failed
referanslar,20250124052125,asset,https://devaaluminyum.com/Sayfa/72/referanslarimiz/resimler/0-620694757554-b6d767d2f8ed5d21a44b0e5886680cb9a.jpg,404,0,failed
referanslar,20250124052125,asset,https://devaaluminyum.com/Sayfa/72/referanslarimiz/resimler/0-648675657737-1679091c5a880faf6fb5e6087eb1b2dc.jpg,404,0,failed
referanslar,20250124052125,asset,https://devaaluminyum.com/Sayfa/72/referanslarimiz/resimler/0-648675657737-1679091c5a880faf6fb5e6087eb1b2dca.jpg,404,0,failed
referanslar,20250124052125,asset,https://devaaluminyum.com/Sayfa/72/referanslarimiz/resimler/0-648675657737-45c48cce2e2d7fbdea1afc51c7c6ad26.jpg,404,0,failed
referanslar,20250124052125,asset,https://devaaluminyum.com/Sayfa/72/referanslarimiz/resimler/0-648675657737-45c48cce2e2d7fbdea1afc51c7c6ad26a.jpg,404,0,failed
referanslar,20250124052125,asset,https://devaaluminyum.com/Sayfa/72/referanslarimiz/resimler/0-648675657737-8f14e45fceea167a5a36dedd4bea2543.jpg,404,0,failed
referanslar,20250124052125,asset,https://devaaluminyum.com/Sayfa/72/referanslarimiz/resimler/0-648675657737-8f14e45fceea167a5a36dedd4bea2543a.jpg,404,0,failed
referanslar,20250124052125,asset,https://devaaluminyum.com/Sayfa/72/referanslarimiz/resimler/0-648675657737-a87ff679a2f3e71d9181a67b7542122c.jpg,404,0,failed
referanslar,20250124052125,asset,https://devaaluminyum.com/Sayfa/72/referanslarimiz/resimler/0-648675657737-a87ff679a2f3e71d9181a67b7542122ca.jpg,404,0,failed
referanslar,20250124052125,asset,https://devaaluminyum.com/Sayfa/72/referanslarimiz/resimler/0-648675657737-c4ca4238a0b923820dcc509a6f75849b.jpg,404,0,failed
referanslar,20250124052125,asset,https://devaaluminyum.com/Sayfa/72/referanslarimiz/resimler/0-648675657737-c4ca4238a0b923820dcc509a6f75849ba.jpg,404,0,failed
referanslar,20250124052125,asset,https://devaaluminyum.com/Sayfa/72/referanslarimiz/resimler/0-648675657737-c81e728d9d4c2f636f067f89cc14862c.jpg,404,0,failed
referanslar,20250124052125,asset,https://devaaluminyum.com/Sayfa/72/referanslarimiz/resimler/0-648675657737-c81e728d9d4c2f636f067f89cc14862ca.jpg,404,0,failed
referanslar,20250124052125,asset,https://devaaluminyum.com/Sayfa/72/referanslarimiz/resimler/0-648675657737-c9f0f895fb98ab9159f51fd0297e236d.jpg,404,0,failed
referanslar,20250124052125,asset,https://devaaluminyum.com/Sayfa/72/referanslarimiz/resimler/0-648675657737-c9f0f895fb98ab9159f51fd0297e236da.jpg,404,0,failed
referanslar,20250124052125,asset,https://devaaluminyum.com/Sayfa/72/referanslarimiz/resimler/0-648675657737-d3d9446802a44259755d38e6d163e820.jpg,404,0,failed
referanslar,20250124052125,asset,https://devaaluminyum.com/Sayfa/72/referanslarimiz/resimler/0-648675657737-d3d9446802a44259755d38e6d163e820a.jpg,404,0,failed
referanslar,20250124052125,asset,https://devaaluminyum.com/Sayfa/72/referanslarimiz/resimler/0-648675657737-e4da3b7fbbce2345d7772b0674a318d5.jpg,404,0,failed
referanslar,20250124052125,asset,https://devaaluminyum.com/Sayfa/72/referanslarimiz/resimler/0-648675657737-e4da3b7fbbce2345d7772b0674a318d5a.jpg,404,0,failed
referanslar,20250124052125,asset,https://devaaluminyum.com/Sayfa/72/referanslarimiz/resimler/0-648675657737-eccbc87e4b5ce2fe28308fd9f2a7baf3.jpg,404,0,failed
referanslar,20250124052125,asset,https://devaaluminyum.com/Sayfa/72/referanslarimiz/resimler/0-648675657737-eccbc87e4b5ce2fe28308fd9f2a7baf3a.jpg,404,0,failed
referanslar,20250124052125,asset,https://devaaluminyum.com/Sayfa/72/referanslarimiz/resimler/0-761997625541-1f0e3dad99908345f7439f8ffabdffc4.jpg,404,0,failed
referanslar,20250124052125,asset,https://devaaluminyum.com/Sayfa/72/referanslarimiz/resimler/0-761997625541-1f0e3dad99908345f7439f8ffabdffc4a.jpg,404,0,failed
referanslar,20250124052125,asset,https://devaaluminyum.com/Sayfa/72/referanslarimiz/resimler/0-761997625541-6512bd43d9caa6e02c990b0a82652dca.jpg,404,0,failed
referanslar,20250124052125,asset,https://devaaluminyum.com/Sayfa/72/referanslarimiz/resimler/0-761997625541-6512bd43d9caa6e02c990b0a82652dcaa.jpg,404,0,failed
referanslar,20250124052125,asset,https://devaaluminyum.com/Sayfa/72/referanslarimiz/resimler/0-761997625541-6f4922f45568161a8cdf4ad2299f6d23.jpg,404,0,failed
referanslar,20250124052125,asset,https://devaaluminyum.com/Sayfa/72/referanslarimiz/resimler/0-761997625541-6f4922f45568161a8cdf4ad2299f6d23a.jpg,404,0,failed
referanslar,20250124052125,asset,https://devaaluminyum.com/Sayfa/72/referanslarimiz/resimler/0-761997625541-70efdf2ec9b086079795c442636b55fb.jpg,404,0,failed
referanslar,20250124052125,asset,https://devaaluminyum.com/Sayfa/72/referanslarimiz/resimler/0-761997625541-70efdf2ec9b086079795c442636b55fba.jpg,404,0,failed
referanslar,20250124052125,asset,https://devaaluminyum.com/Sayfa/72/referanslarimiz/resimler/0-761997625541-98f13708210194c475687be6106a3b84.jpg,404,0,failed
referanslar,20250124052125,asset,https://devaaluminyum.com/Sayfa/72/referanslarimiz/resimler/0-761997625541-98f13708210194c475687be6106a3b84a.jpg,404,0,failed
referanslar,20250124052125,asset,https://devaaluminyum.com/Sayfa/72/referanslarimiz/resimler/0-761997625541-9bf31c7ff062936a96d3c8bd1f8f2ff3.jpg,404,0,failed
referanslar,20250124052125,asset,https://devaaluminyum.com/Sayfa/72/referanslarimiz/resimler/0-761997625541-9bf31c7ff062936a96d3c8bd1f8f2ff3a.jpg,404,0,failed
referanslar,20250124052125,asset,https://devaaluminyum.com/Sayfa/72/referanslarimiz/resimler/0-761997625541-aab3238922bcc25a6f606eb525ffdc56.jpg,404,0,failed
referanslar,20250124052125,asset,https://devaaluminyum.com/Sayfa/72/referanslarimiz/resimler/0-761997625541-aab3238922bcc25a6f606eb525ffdc56a.jpg,404,0,failed
referanslar,20250124052125,asset,https://devaaluminyum.com/Sayfa/72/referanslarimiz/resimler/0-761997625541-c20ad4d76fe97759aa27a0c99bff6710.jpg,404,0,failed
referanslar,20250124052125,asset,https://devaaluminyum.com/Sayfa/72/referanslarimiz/resimler/0-761997625541-c20ad4d76fe97759aa27a0c99bff6710a.jpg,404,0,failed
referanslar,20250124052125,asset,https://devaaluminyum.com/Sayfa/72/referanslarimiz/resimler/0-761997625541-c51ce410c124a10e0db5e4b97fc2af39.jpg,404,0,failed
referanslar,20250124052125,asset,https://devaaluminyum.com/Sayfa/72/referanslarimiz/resimler/0-761997625541-c51ce410c124a10e0db5e4b97fc2af39a.jpg,404,0,failed
referanslar,20250124052125,asset,https://devaaluminyum.com/Sayfa/72/referanslarimiz/resimler/0-761997625541-c74d97b01eae257e44aa9d5bade97baf.jpg,404,0,failed
referanslar,20250124052125,asset,https://devaaluminyum.com/Sayfa/72/referanslarimiz/resimler/0-761997625541-c74d97b01eae257e44aa9d5bade97bafa.jpg,404,0,failed
referanslar,20250124052125,asset,https://devaaluminyum.com/Tema/logo.png,200,6029,image/png
referanslar,20250124052125,asset,https://devaaluminyum.com/Tema/style.css,200,16416,text/css
referanslar,20250124052125,asset,https://devaaluminyum.com/qinternet/alibox/jquery.min.js,200,93870,application/javascript
referanslar,20250124052125,asset,https://devaaluminyum.com/qinternet/alibox/lightbox/jquery.lightbox.min.js,200,16978,application/javascript
referanslar,20250124052125,asset,https://devaaluminyum.com/qinternet/alibox/lightbox/themes/facebook/jquery.lightbox.css,200,5789,text/css
referanslar,20250124052125,asset,https://devaaluminyum.com/qinternet/flexslider/flexslider.css,200,0,failed
referanslar,20250124052125,asset,https://devaaluminyum.com/qinternet/flexslider/jquery.flexslider.js,200,41110,application/javascript
referanslar,20250124052125,asset,https://devaaluminyum.com/qinternet/font.css,200,2151,text/css
referanslar,20250124052125,asset,https://devaaluminyum.com/qinternet/jcarousellite_1.0.1.pack.js,200,2137,application/javascript
referanslar,20250124052125,asset,https://devaaluminyum.com/qinternet/jquery-1.7.2.js,200,262285,application/javascript
referanslar,20250124052125,asset,https://devaaluminyum.com/qinternet/js.js,200,3769,application/javascript
referanslar,20250124052125,asset,https://devaaluminyum.com/qinternet/ortak.css,200,1752,text/css
referanslar,20250124052125,page,https://devaaluminyum.com/Sayfa/72/referanslarimiz/,200,9597,title=Referanslarımız; h1=
hakkimizda,20250124052916,asset,http://devaaluminyum.com/Tema/logo.png,200,6029,image/png
hakkimizda,20250124052916,asset,https://devaaluminyum.com/Tema/logo.png,200,6029,image/png
hakkimizda,20250124052916,asset,https://devaaluminyum.com/Tema/style.css,200,16416,text/css
hakkimizda,20250124052916,asset,https://devaaluminyum.com/qinternet/alibox/jquery.min.js,200,93870,application/javascript
hakkimizda,20250124052916,asset,https://devaaluminyum.com/qinternet/alibox/lightbox/jquery.lightbox.min.js,200,16978,application/javascript
hakkimizda,20250124052916,asset,https://devaaluminyum.com/qinternet/alibox/lightbox/themes/facebook/jquery.lightbox.css,200,5789,text/css
hakkimizda,20250124052916,asset,https://devaaluminyum.com/qinternet/flexslider/flexslider.css,200,0,failed
hakkimizda,20250124052916,asset,https://devaaluminyum.com/qinternet/flexslider/jquery.flexslider.js,200,41110,application/javascript
hakkimizda,20250124052916,asset,https://devaaluminyum.com/qinternet/font.css,200,2151,text/css
hakkimizda,20250124052916,asset,https://devaaluminyum.com/qinternet/jcarousellite_1.0.1.pack.js,200,2137,application/javascript
hakkimizda,20250124052916,asset,https://devaaluminyum.com/qinternet/jquery-1.7.2.js,200,262285,application/javascript
hakkimizda,20250124052916,asset,https://devaaluminyum.com/qinternet/js.js,200,3769,application/javascript
hakkimizda,20250124052916,asset,https://devaaluminyum.com/qinternet/ortak.css,200,1752,text/css
hakkimizda,20250124052916,asset,https://devaaluminyum.com/qinternet/sosyalmedya/facebook.png,200,1966,image/png
hakkimizda,20250124052916,asset,https://devaaluminyum.com/qinternet/sosyalmedya/hangouts.png,200,3649,image/png
hakkimizda,20250124052916,page,https://devaaluminyum.com/Hakkimizda.html,200,10688,title=Hakkımızda - Deva Alüminyum Kompozit Cephe Sistemleri - Kocasinan /KAYSERİ- 0 533 382 07 05; h1=
hizmetler,20250124053400,asset,http://ozlemozbeauty.com/resimler/0-791943236158-814cbe2a8dd11b2dbe4b1926c5e6cfcb.png,404,0,failed
hizmetler,20250124053400,asset,https://devaaluminyum.com/Sayfa/56/hizmetlerimiz/qinternet/sosyalmedya/facebook.png,404,0,failed
hizmetler,20250124053400,asset,https://devaaluminyum.com/Sayfa/56/hizmetlerimiz/qinternet/sosyalmedya/hangouts.png,404,0,failed
hizmetler,20250124053400,asset,https://devaaluminyum.com/Sayfa/56/hizmetlerimiz/resimler/0-214725407200-639245830c396b4594c4edb07b08e22da.jpg,404,0,failed
hizmetler,20250124053400,asset,https://devaaluminyum.com/Sayfa/56/hizmetlerimiz/resimler/0-364913338130-c81e728d9d4c2f636f067f89cc14862ca.jpg,404,0,failed
hizmetler,20250124053400,asset,https://devaaluminyum.com/Sayfa/56/hizmetlerimiz/resimler/0-433146404453-45c48cce2e2d7fbdea1afc51c7c6ad26a.jpg,404,0,failed
hizmetler,20250124053400,asset,https://devaaluminyum.com/Sayfa/56/hizmetlerimiz/resimler/0-446567936662-c4ca4238a0b923820dcc509a6f75849ba.jpg,404,0,failed
hizmetler,20250124053400,asset,https://devaaluminyum.com/Sayfa/56/hizmetlerimiz/resimler/0-462234708188-e4da3b7fbbce2345d7772b0674a318d5a.jpg,404,0,failed
hizmetler,20250124053400,asset,https://devaaluminyum.com/Sayfa/56/hizmetlerimiz/resimler/0-511705664519-f28875dc837fbf7ae4776e5948af7a65a.jpg,404,0,failed
hizmetler,20250124053400,asset,https://devaaluminyum.com/Sayfa/56/hizmetlerimiz/resimler/0-692121284241-d3d9446802a44259755d38e6d163e820a.jpg,404,0,failed
hizmetler,20250124053400,asset,https://devaaluminyum.com/Sayfa/56/hizmetlerimiz/resimler/0-738995457426-98f13708210194c475687be6106a3b84a.jpeg,404,0,failed
hizmetler,20250124053400,asset,https://devaaluminyum.com/Sayfa/56/hizmetlerimiz/resimler/0-770471526169-1679091c5a880faf6fb5e6087eb1b2dca.jpg,404,0,failed
hizmetler,20250124053400,asset,https://devaaluminyum.com/Sayfa/56/hizmetlerimiz/resimler/0-802471866709-0eaab519d7112be59f099bf8e4c33903a.jpg,404,0,failed
hizmetler,20250124053400,asset,https://devaaluminyum.com/Sayfa/56/hizmetlerimiz/resimler/0-913389889372-76b1a56588660586c5835c37378ad644a.jpg,404,0,failed
hizmetler,20250124053400,asset,https://devaaluminyum.com/Sayfa/56/hizmetlerimiz/resimler/0-992801538758-c9f0f895fb98ab9159f51fd0297e236da.jpeg,404,0,failed
hizmetler,20250124053400,asset,https://devaaluminyum.com/Tema/logo.png,200,6029,image/png
hizmetler,20250124053400,asset,https://devaaluminyum.com/Tema/style.css,200,16416,text/css
hizmetler,20250124053400,asset,https://devaaluminyum.com/qinternet/alibox/jquery.min.js,200,93870,application/javascript
hizmetler,20250124053400,asset,https://devaaluminyum.com/qinternet/alibox/lightbox/jquery.lightbox.min.js,200,16978,application/javascript
hizmetler,20250124053400,asset,https://devaaluminyum.com/qinternet/alibox/lightbox/themes/facebook/jquery.lightbox.css,200,5789,text/css
hizmetler,20250124053400,asset,https://devaaluminyum.com/qinternet/flexslider/flexslider.css,200,0,failed
hizmetler,20250124053400,asset,https://devaaluminyum.com/qinternet/flexslider/jquery.flexslider.js,200,41110,application/javascript
hizmetler,20250124053400,asset,https://devaaluminyum.com/qinternet/font.css,200,2151,text/css
hizmetler,20250124053400,asset,https://devaaluminyum.com/qinternet/jcarousellite_1.0.1.pack.js,200,2137,application/javascript
hizmetler,20250124053400,asset,https://devaaluminyum.com/qinternet/jquery-1.7.2.js,200,262285,application/javascript
hizmetler,20250124053400,asset,https://devaaluminyum.com/qinternet/js.js,200,3769,application/javascript
hizmetler,20250124053400,asset,https://devaaluminyum.com/qinternet/ortak.css,200,1752,text/css
hizmetler,20250124053400,asset,https://www.yildizelinakliyat.com/wp-content/uploads/2017/08/rami-evden-eve-nakliyat.png,403,0,failed
hizmetler,20250124053400,asset,https://www.yukveesyatasimacilik.com/FileUpload/bs220549/YaziResim/56549.jpg,403,0,failed
hizmetler,20250124053400,page,https://devaaluminyum.com/Sayfa/56/hizmetlerimiz/,200,11409,title=Hizmetlerimiz; h1=
kompozit-kaplama,20250124060751,asset,http://paykassa.net/wp-content/uploads/2017/02/caykazanifiyatlari-300x202.png,404,0,failed
kompozit-kaplama,20250124060751,asset,http://www.ozgumuhendislik.com/img/hizmetlerimiz/kompozit-cephe/kompozit-cephe-img.jpg,200,73887,image/jpeg
kompozit-kaplama,20250124060751,asset,https://devaaluminyum.com/Detay/56/153/kayseri--aluminyum-kompozit-kaplama/qinternet/sosyalmedya/facebook.png,404,0,failed
kompozit-kaplama,20250124060751,asset,https://devaaluminyum.com/Detay/56/153/kayseri--aluminyum-kompozit-kaplama/qinternet/sosyalmedya/hangouts.png,404,0,failed
kompozit-kaplama,20250124060751,asset,https://devaaluminyum.com/Detay/56/153/kayseri--aluminyum-kompozit-kaplama/resimler/0-692121284241-1679091c5a880faf6fb5e6087eb1b2dc.jpg,404,0,failed
kompozit-kaplama,20250124060751,asset,https://devaaluminyum.com/Detay/56/153/kayseri--aluminyum-kompozit-kaplama/resimler/0-692121284241-1679091c5a880faf6fb5e6087eb1b2dca.jpg,404,0,failed
kompozit-kaplama,20250124060751,asset,https://devaaluminyum.com/Detay/56/153/kayseri--aluminyum-kompozit-kaplama/resimler/0-692121284241-45c48cce2e2d7fbdea1afc51c7c6ad26.PNG,404,0,failed
kompozit-kaplama,20250124060751,asset,https://devaaluminyum.com/Detay/56/153/kayseri--aluminyum-kompozit-kaplama/resimler/0-692121284241-45c48cce2e2d7fbdea1afc51c7c6ad26a.PNG,404,0,failed
kompozit-kaplama,20250124060751,asset,https://devaaluminyum.com/Detay/56/153/kayseri--aluminyum-kompozit-kaplama/resimler/0-692121284241-8f14e45fceea167a5a36dedd4bea2543.jpg,404,0,failed
kompozit-kaplama,20250124060751,asset,https://devaaluminyum.com/Detay/56/153/kayseri--aluminyum-kompozit-kaplama/resimler/0-692121284241-8f14e45fceea167a5a36dedd4bea2543a.jpg,404,0,failed
kompozit-kaplama,20250124060751,asset,https://devaaluminyum.com/Detay/56/153/kayseri--aluminyum-kompozit-kaplama/resimler/0-692121284241-a87ff679a2f3e71d9181a67b7542122c.jpg,404,0,failed
kompozit-kaplama,20250124060751,asset,https://devaaluminyum.com/Detay/56/153/kayseri--aluminyum-kompozit-kaplama/resimler/0-692121284241-a87ff679a2f3e71d9181a67b7542122ca.jpg,404,0,failed
kompozit-kaplama,20250124060751,asset,https://devaaluminyum.com/Detay/56/153/kayseri--aluminyum-kompozit-kaplama/resimler/0-692121284241-c4ca4238a0b923820dcc509a6f75849b.jpg,404,0,failed
kompozit-kaplama,20250124060751,asset,https://devaaluminyum.com/Detay/56/153/kayseri--aluminyum-kompozit-kaplama/resimler/0-692121284241-c4ca4238a0b923820dcc509a6f75849ba.jpg,404,0,failed
kompozit-kaplama,20250124060751,asset,https://devaaluminyum.com/Detay/56/153/kayseri--aluminyum-kompozit-kaplama/resimler/0-692121284241-c81e728d9d4c2f636f067f89cc14862c.jpg,404,0,failed
kompozit-kaplama,20250124060751,asset,https://devaaluminyum.com/Detay/56/153/kayseri--aluminyum-kompozit-kaplama/resimler/0-692121284241-c81e728d9d4c2f636f067f89cc14862ca.jpg,404,0,failed
kompozit-kaplama,20250124060751,asset,https://devaaluminyum.com/Detay/56/153/kayseri--aluminyum-kompozit-kaplama/resimler/0-692121284241-c9f0f895fb98ab9159f51fd0297e236d.png,404,0,failed
kompozit-kaplama,20250124060751,asset,https://devaaluminyum.com/Detay/56/153/kayseri--aluminyum-kompozit-kaplama/resimler/0-692121284241-c9f0f895fb98ab9159f51fd0297e236da.png,404,0,failed
kompozit-kaplama,20250124060751,asset,https://devaaluminyum.com/Detay/56/153/kayseri--aluminyum-kompozit-kaplama/resimler/0-692121284241-d3d9446802a44259755d38e6d163e820.jpg,404,0,failed
kompozit-kaplama,20250124060751,asset,https://devaaluminyum.com/Detay/56/153/kayseri--aluminyum-kompozit-kaplama/resimler/0-692121284241-d3d9446802a44259755d38e6d163e820a.jpg,404,0,failed
kompozit-kaplama,20250124060751,asset,https://devaaluminyum.com/Detay/56/153/kayseri--aluminyum-kompozit-kaplama/resimler/0-692121284241-e4da3b7fbbce2345d7772b0674a318d5.jpg,404,0,failed
kompozit-kaplama,20250124060751,asset,https://devaaluminyum.com/Detay/56/153/kayseri--aluminyum-kompozit-kaplama/resimler/0-692121284241-e4da3b7fbbce2345d7772b0674a318d5a.jpg,404,0,failed
kompozit-kaplama,20250124060751,asset,https://devaaluminyum.com/Detay/56/153/kayseri--aluminyum-kompozit-kaplama/resimler/0-692121284241-eccbc87e4b5ce2fe28308fd9f2a7baf3.jpg,404,0,failed
kompozit-kaplama,20250124060751,asset,https://devaaluminyum.com/Detay/56/153/kayseri--aluminyum-kompozit-kaplama/resimler/0-692121284241-eccbc87e4b5ce2fe28308fd9f2a7baf3a.jpg,404,0,failed
kompozit-kaplama,20250124060751,asset,https://devaaluminyum.com/Tema/logo.png,200,6029,image/png
kompozit-kaplama,20250124060751,asset,https://devaaluminyum.com/Tema/style.css,200,16416,text/css
kompozit-kaplama,20250124060751,asset,https://devaaluminyum.com/qinternet/alibox/jquery.min.js,200,93870,application/javascript
kompozit-kaplama,20250124060751,asset,https://devaaluminyum.com/qinternet/alibox/lightbox/jquery.lightbox.min.js,200,16978,application/javascript
kompozit-kaplama,20250124060751,asset,https://devaaluminyum.com/qinternet/alibox/lightbox/themes/facebook/jquery.lightbox.css,200,5789,text/css
kompozit-kaplama,20250124060751,asset,https://devaaluminyum.com/qinternet/flexslider/flexslider.css,200,0,failed
kompozit-kaplama,20250124060751,asset,https://devaaluminyum.com/qinternet/flexslider/jquery.flexslider.js,200,41110,application/javascript
kompozit-kaplama,20250124060751,asset,https://devaaluminyum.com/qinternet/font.css,200,2151,text/css
kompozit-kaplama,20250124060751,asset,https://devaaluminyum.com/qinternet/jcarousellite_1.0.1.pack.js,200,2137,application/javascript
kompozit-kaplama,20250124060751,asset,https://devaaluminyum.com/qinternet/jquery-1.7.2.js,200,262285,application/javascript
kompozit-kaplama,20250124060751,asset,https://devaaluminyum.com/qinternet/js.js,200,3769,application/javascript
kompozit-kaplama,20250124060751,asset,https://devaaluminyum.com/qinternet/ortak.css,200,1752,text/css
kompozit-kaplama,20250124060751,page,https://devaaluminyum.com/Detay/56/153/kayseri--aluminyum-kompozit-kaplama/,200,22860,title=Kayseri  Alüminyum Kompozit Kaplama; h1=
bina-giris-kompozit,20250124062500,asset,http://ozlemozbeauty.com/resimler/0-791943236158-814cbe2a8dd11b2dbe4b1926c5e6cfcb.png,404,0,failed
bina-giris-kompozit,20250124062500,asset,https://devaaluminyum.com/Detay/56/167/bina-giris-kompozit-kaplama/qinternet/sosyalmedya/facebook.png,404,0,failed
bina-giris-kompozit,20250124062500,asset,https://devaaluminyum.com/Detay/56/167/bina-giris-kompozit-kaplama/qinternet/sosyalmedya/hangouts.png,404,0,failed
bina-giris-kompozit,20250124062500,asset,https://devaaluminyum.com/Detay/56/167/bina-giris-kompozit-kaplama/resimler/0-433146404453-1679091c5a880faf6fb5e6087eb1b2dc.jpg,404,0,failed
bina-giris-kompozit,20250124062500,asset,https://devaaluminyum.com/Detay/56/167/bina-giris-kompozit-kaplama/resimler/0-433146404453-1679091c5a880faf6fb5e6087eb1b2dca.jpg,404,0,failed
bina-giris-kompozit,20250124062500,asset,https://devaaluminyum.com/Detay/56/167/bina-giris-kompozit-kaplama/resimler/0-433146404453-45c48cce2e2d7fbdea1afc51c7c6ad26.jpg,404,0,failed
bina-giris-kompozit,20250124062500,asset,https://devaaluminyum.com/Detay/56/167/bina-giris-kompozit-kaplama/resimler/0-433146404453-45c48cce2e2d7fbdea1afc51c7c6ad26a.jpg,404,0,failed
bina-giris-kompozit,20250124062500,asset,https://devaaluminyum.com/Detay/56/167/bina-giris-kompozit-kaplama/resimler/0-433146404453-8f14e45fceea167a5a36dedd4bea2543.jpg,404,0,failed
bina-giris-kompozit,20250124062500,asset,https://devaaluminyum.com/Detay/56/167/bina-giris-kompozit-kaplama/resimler/0-433146404453-8f14e45fceea167a5a36dedd4bea2543a.jpg,404,0,failed
bina-giris-kompozit,20250124062500,asset,https://devaaluminyum.com/Detay/56/167/bina-giris-kompozit-kaplama/resimler/0-433146404453-a87ff679a2f3e71d9181a67b7542122c.jpg,404,0,failed
bina-giris-kompozit,20250124062500,asset,https://devaaluminyum.com/Detay/56/167/bina-giris-kompozit-kaplama/resimler/0-433146404453-a87ff679a2f3e71d9181a67b7542122ca.jpg,404,0,failed
bina-giris-kompozit,20250124062500,asset,https://devaaluminyum.com/Detay/56/167/bina-giris-kompozit-kaplama/resimler/0-433146404453-c4ca4238a0b923820dcc509a6f75849b.jpg,404,0,failed
bina-giris-kompozit,20250124062500,asset,https://devaaluminyum.com/Detay/56/167/bina-giris-kompozit-kaplama/resimler/0-433146404453-c4ca4238a0b923820dcc509a6f75849ba.jpg,404,0,failed
bina-giris-kompozit,20250124062500,asset,https://devaaluminyum.com/Detay/56/167/bina-giris-kompozit-kaplama/resimler/0-433146404453-c81e728d9d4c2f636f067f89cc14862c.jpg,404,0,failed
bina-giris-kompozit,20250124062500,asset,https://devaaluminyum.com/Detay/56/167/bina-giris-kompozit-kaplama/resimler/0-433146404453-c81e728d9d4c2f636f067f89cc14862ca.jpg,404,0,failed
bina-giris-kompozit,20250124062500,asset,https://devaaluminyum.com/Detay/56/167/bina-giris-kompozit-kaplama/resimler/0-433146404453-c9f0f895fb98ab9159f51fd0297e236d.jpg,404,0,failed
bina-giris-kompozit,20250124062500,asset,https://devaaluminyum.com/Detay/56/167/bina-giris-kompozit-kaplama/resimler/0-433146404453-c9f0f895fb98ab9159f51fd0297e236da.jpg,404,0,failed
bina-giris-kompozit,20250124062500,asset,https://devaaluminyum.com/Detay/56/167/bina-giris-kompozit-kaplama/resimler/0-433146404453-d3d9446802a44259755d38e6d163e820.jpg,404,0,failed
bina-giris-kompozit,20250124062500,asset,https://devaaluminyum.com/Detay/56/167/bina-giris-kompozit-kaplama/resimler/0-433146404453-d3d9446802a44259755d38e6d163e820a.jpg,404,0,failed
bina-giris-kompozit,20250124062500,asset,https://devaaluminyum.com/Detay/56/167/bina-giris-kompozit-kaplama/resimler/0-433146404453-e4da3b7fbbce2345d7772b0674a318d5.jpg,404,0,failed
bina-giris-kompozit,20250124062500,asset,https://devaaluminyum.com/Detay/56/167/bina-giris-kompozit-kaplama/resimler/0-433146404453-e4da3b7fbbce2345d7772b0674a318d5a.jpg,404,0,failed
bina-giris-kompozit,20250124062500,asset,https://devaaluminyum.com/Detay/56/167/bina-giris-kompozit-kaplama/resimler/0-433146404453-eccbc87e4b5ce2fe28308fd9f2a7baf3.jpg,404,0,failed
bina-giris-kompozit,20250124062500,asset,https://devaaluminyum.com/Detay/56/167/bina-giris-kompozit-kaplama/resimler/0-433146404453-eccbc87e4b5ce2fe28308fd9f2a7baf3a.jpg,404,0,failed
bina-giris-kompozit,20250124062500,asset,https://devaaluminyum.com/Tema/logo.png,200,6029,image/png
bina-giris-kompozit,20250124062500,asset,https://devaaluminyum.com/Tema/style.css,200,16416,text/css
bina-giris-kompozit,20250124062500,asset,https://devaaluminyum.com/qinternet/alibox/jquery.min.js,200,93870,application/javascript
bina-giris-kompozit,20250124062500,asset,https://devaaluminyum.com/qinternet/alibox/lightbox/jquery.lightbox.min.js,200,16978,application/javascript
bina-giris-kompozit,20250124062500,asset,https://devaaluminyum.com/qinternet/alibox/lightbox/themes/facebook/jquery.lightbox.css,200,5789,text/css
bina-giris-kompozit,20250124062500,asset,https://devaaluminyum.com/qinternet/flexslider/flexslider.css,200,0,failed
bina-giris-kompozit,20250124062500,asset,https://devaaluminyum.com/qinternet/flexslider/jquery.flexslider.js,200,41110,application/javascript
bina-giris-kompozit,20250124062500,asset,https://devaaluminyum.com/qinternet/font.css,200,2151,text/css
bina-giris-kompozit,20250124062500,asset,https://devaaluminyum.com/qinternet/jcarousellite_1.0.1.pack.js,200,2137,application/javascript
bina-giris-kompozit,20250124062500,asset,https://devaaluminyum.com/qinternet/jquery-1.7.2.js,200,262285,application/javascript
bina-giris-kompozit,20250124062500,asset,https://devaaluminyum.com/qinternet/js.js,200,3769,application/javascript
bina-giris-kompozit,20250124062500,asset,https://devaaluminyum.com/qinternet/ortak.css,200,1752,text/css
bina-giris-kompozit,20250124062500,asset,https://www.elementel.com/fileadmin/template/Resim/Baslik/Teklif_isteme-formu1.png,200,97076,text/html; charset=utf-8
bina-giris-kompozit,20250124062500,asset,https://www.yukveesyatasimacilik.com/FileUpload/bs220549/YaziResim/56549.jpg,403,0,failed
bina-giris-kompozit,20250124062500,page,https://devaaluminyum.com/Detay/56/167/bina-giris-kompozit-kaplama/,200,8869,title=Bina Giriş Kompozit Kaplama; h1=
fabrika-yonetim-kompozit,20250124065406,asset,http://ozlemozbeauty.com/resimler/0-791943236158-814cbe2a8dd11b2dbe4b1926c5e6cfcb.png,404,0,failed
fabrika-yonetim-kompozit,20250124065406,asset,https://devaaluminyum.com/Detay/56/168/fabrika-yonetim-binasi-kompozit-kaplama/qinternet/sosyalmedya/facebook.png,404,0,failed
fabrika-yonetim-kompozit,20250124065406,asset,https://devaaluminyum.com/Detay/56/168/fabrika-yonetim-binasi-kompozit-kaplama/qinternet/sosyalmedya/hangouts.png,404,0,failed
fabrika-yonetim-kompozit,20250124065406,asset,https://devaaluminyum.com/Detay/56/168/fabrika-yonetim-binasi-kompozit-kaplama/resimler/0-738995457426-1f0e3dad99908345f7439f8ffabdffc4.jpg,404,0,failed
fabrika-yonetim-kompozit,20250124065406,asset,https://devaaluminyum.com/Detay/56/168/fabrika-yonetim-binasi-kompozit-kaplama/resimler/0-738995457426-1f0e3dad99908345f7439f8ffabdffc4a.jpg,404,0,failed
fabrika-yonetim-kompozit,20250124065406,asset,https://devaaluminyum.com/Detay/56/168/fabrika-yonetim-binasi-kompozit-kaplama/resimler/0-738995457426-6512bd43d9caa6e02c990b0a82652dca.jpg,404,0,failed
fabrika-yonetim-kompozit,20250124065406,asset,https://devaaluminyum.com/Detay/56/168/fabrika-yonetim-binasi-kompozit-kaplama/resimler/0-738995457426-6512bd43d9caa6e02c990b0a82652dcaa.jpg,404,0,failed
fabrika-yonetim-kompozit,20250124065406,asset,https://devaaluminyum.com/Detay/56/168/fabrika-yonetim-binasi-kompozit-kaplama/resimler/0-738995457426-6f4922f45568161a8cdf4ad2299f6d23.jpg,404,0,failed
fabrika-yonetim-kompozit,20250124065406,asset,https://devaaluminyum.com/Detay/56/168/fabrika-yonetim-binasi-kompozit-kaplama/resimler/0-738995457426-6f4922f45568161a8cdf4ad2299f6d23a.jpg,404,0,failed
fabrika-yonetim-kompozit,20250124065406,asset,https://devaaluminyum.com/Detay/56/168/fabrika-yonetim-binasi-kompozit-kaplama/resimler/0-738995457426-70efdf2ec9b086079795c442636b55fb.jpg,404,0,failed
fabrika-yonetim-kompozit,20250124065406,asset,https://devaaluminyum.com/Detay/56/168/fabrika-yonetim-binasi-kompozit-kaplama/resimler/0-738995457426-70efdf2ec9b086079795c442636b55fba.jpg,404,0,failed
fabrika-yonetim-kompozit,20250124065406,asset,https://devaaluminyum.com/Detay/56/168/fabrika-yonetim-binasi-kompozit-kaplama/resimler/0-738995457426-98f13708210194c475687be6106a3b84.jpeg,404,0,failed
fabrika-yonetim-kompozit,20250124065406,asset,https://devaaluminyum.com/Detay/56/168/fabrika-yonetim-binasi-kompozit-kaplama/resimler/0-738995457426-98f13708210194c475687be6106a3b84a.jpeg,404,0,failed
fabrika-yonetim-kompozit,20250124065406,asset,https://devaaluminyum.com/Detay/56/168/fabrika-yonetim-binasi-kompozit-kaplama/resimler/0-738995457426-9bf31c7ff062936a96d3c8bd1f8f2ff3.jpg,404,0,failed
fabrika-yonetim-kompozit,20250124065406,asset,https://devaaluminyum.com/Detay/56/168/fabrika-yonetim-binasi-kompozit-kaplama/resimler/0-738995457426-9bf31c7ff062936a96d3c8bd1f8f2ff3a.jpg,404,0,failed
fabrika-yonetim-kompozit,20250124065406,asset,https://devaaluminyum.com/Detay/56/168/fabrika-yonetim-binasi-kompozit-kaplama/resimler/0-738995457426-aab3238922bcc25a6f606eb525ffdc56.jpg,404,0,failed
fabrika-yonetim-kompozit,20250124065406,asset,https://devaaluminyum.com/Detay/56/168/fabrika-yonetim-binasi-kompozit-kaplama/resimler/0-738995457426-aab3238922bcc25a6f606eb525ffdc56a.jpg,404,0,failed
fabrika-yonetim-kompozit,20250124065406,asset,https://devaaluminyum.com/Detay/56/168/fabrika-yonetim-binasi-kompozit-kaplama/resimler/0-738995457426-c20ad4d76fe97759aa27a0c99bff6710.jpg,404,0,failed
fabrika-yonetim-kompozit,20250124065406,asset,https://devaaluminyum.com/Detay/56/168/fabrika-yonetim-binasi-kompozit-kaplama/resimler/0-738995457426-c20ad4d76fe97759aa27a0c99bff6710a.jpg,404,0,failed
fabrika-yonetim-kompozit,20250124065406,asset,https://devaaluminyum.com/Detay/56/168/fabrika-yonetim-binasi-kompozit-kaplama/resimler/0-738995457426-c51ce410c124a10e0db5e4b97fc2af39.jpeg,404,0,failed
fabrika-yonetim-kompozit,20250124065406,asset,https://devaaluminyum.com/Detay/56/168/fabrika-yonetim-binasi-kompozit-kaplama/resimler/0-738995457426-c51ce410c124a10e0db5e4b97fc2af39a.jpeg,404,0,failed
fabrika-yonetim-kompozit,20250124065406,asset,https://devaaluminyum.com/Detay/56/168/fabrika-yonetim-binasi-kompozit-kaplama/resimler/0-738995457426-c74d97b01eae257e44aa9d5bade97baf.jpeg,404,0,failed
fabrika-yonetim-kompozit,20250124065406,asset,https://devaaluminyum.com/Detay/56/168/fabrika-yonetim-binasi-kompozit-kaplama/resimler/0-738995457426-c74d97b01eae257e44aa9d5bade97bafa.jpeg,404,0,failed
fabrika-yonetim-kompozit,20250124065406,asset,https://devaaluminyum.com/Tema/logo.png,200,6029,image/png
fabrika-yonetim-kompozit,20250124065406,asset,https://devaaluminyum.com/Tema/style.css,200,16416,text/css
fabrika-yonetim-kompozit,20250124065406,asset,https://devaaluminyum.com/qinternet/alibox/jquery.min.js,200,93870,application/javascript
fabrika-yonetim-kompozit,20250124065406,asset,https://devaaluminyum.com/qinternet/alibox/lightbox/jquery.lightbox.min.js,200,16978,application/javascript
fabrika-yonetim-kompozit,20250124065406,asset,https://devaaluminyum.com/qinternet/alibox/lightbox/themes/facebook/jquery.lightbox.css,200,5789,text/css
fabrika-yonetim-kompozit,20250124065406,asset,https://devaaluminyum.com/qinternet/flexslider/flexslider.css,200,0,failed
fabrika-yonetim-kompozit,20250124065406,asset,https://devaaluminyum.com/qinternet/flexslider/jquery.flexslider.js,200,41110,application/javascript
fabrika-yonetim-kompozit,20250124065406,asset,https://devaaluminyum.com/qinternet/font.css,200,2151,text/css
fabrika-yonetim-kompozit,20250124065406,asset,https://devaaluminyum.com/qinternet/jcarousellite_1.0.1.pack.js,200,2137,application/javascript
fabrika-yonetim-kompozit,20250124065406,asset,https://devaaluminyum.com/qinternet/jquery-1.7.2.js,200,262285,application/javascript
fabrika-yonetim-kompozit,20250124065406,asset,https://devaaluminyum.com/qinternet/js.js,200,3769,application/javascript
fabrika-yonetim-kompozit,20250124065406,asset,https://devaaluminyum.com/qinternet/ortak.css,200,1752,text/css
fabrika-yonetim-kompozit,20250124065406,asset,https://www.yukveesyatasimacilik.com/FileUpload/bs220549/YaziResim/56549.jpg,403,0,failed
fabrika-yonetim-kompozit,20250124065406,page,https://devaaluminyum.com/Detay/56/168/fabrika-yonetim-binasi-kompozit-kaplama/,200,9464,title=Fabrika Yönetim Binası Kompozit Kaplama; h1=
aluminyum-dograma,20250124061120,asset,http://penmarket.net/wp-content/uploads/2018/01/al%C3%BCminyum-do%C4%9Frama-560x400.jpg,404,0,failed
aluminyum-dograma,20250124061120,asset,https://devaaluminyum.com/Detay/56/156/kayseri-aluminyum-dograma/qinternet/sosyalmedya/facebook.png,404,0,failed
aluminyum-dograma,20250124061120,asset,https://devaaluminyum.com/Detay/56/156/kayseri-aluminyum-dograma/qinternet/sosyalmedya/hangouts.png,404,0,failed
aluminyum-dograma,20250124061120,asset,https://devaaluminyum.com/Detay/56/156/kayseri-aluminyum-dograma/resimler/0-992801538758-1679091c5a880faf6fb5e6087eb1b2dc.jpg,404,0,failed
aluminyum-dograma,20250124061120,asset,https://devaaluminyum.com/Detay/56/156/kayseri-aluminyum-dograma/resimler/0-992801538758-1679091c5a880faf6fb5e6087eb1b2dca.jpg,404,0,failed
aluminyum-dograma,20250124061120,asset,https://devaaluminyum.com/Detay/56/156/kayseri-aluminyum-dograma/resimler/0-992801538758-8f14e45fceea167a5a36dedd4bea2543.jpg,404,0,failed
aluminyum-dograma,20250124061120,asset,https://devaaluminyum.com/Detay/56/156/kayseri-aluminyum-dograma/resimler/0-992801538758-8f14e45fceea167a5a36dedd4bea2543a.jpg,404,0,failed
aluminyum-dograma,20250124061120,asset,https://devaaluminyum.com/Detay/56/156/kayseri-aluminyum-dograma/resimler/0-992801538758-a87ff679a2f3e71d9181a67b7542122c.jpg,404,0,failed
aluminyum-dograma,20250124061120,asset,https://devaaluminyum.com/Detay/56/156/kayseri-aluminyum-dograma/resimler/0-992801538758-a87ff679a2f3e71d9181a67b7542122ca.jpg,404,0,failed
aluminyum-dograma,20250124061120,asset,https://devaaluminyum.com/Detay/56/156/kayseri-aluminyum-dograma/resimler/0-992801538758-c4ca4238a0b923820dcc509a6f75849b.jpg,404,0,failed
aluminyum-dograma,20250124061120,asset,https://devaaluminyum.com/Detay/56/156/kayseri-aluminyum-dograma/resimler/0-992801538758-c4ca4238a0b923820dcc509a6f75849ba.jpg,404,0,failed
aluminyum-dograma,20250124061120,asset,https://devaaluminyum.com/Detay/56/156/kayseri-aluminyum-dograma/resimler/0-992801538758-c81e728d9d4c2f636f067f89cc14862c.jpg,404,0,failed
aluminyum-dograma,20250124061120,asset,https://devaaluminyum.com/Detay/56/156/kayseri-aluminyum-dograma/resimler/0-992801538758-c81e728d9d4c2f636f067f89cc14862ca.jpg,404,0,failed
aluminyum-dograma,20250124061120,asset,https://devaaluminyum.com/Detay/56/156/kayseri-aluminyum-dograma/resimler/0-992801538758-c9f0f895fb98ab9159f51fd0297e236d.jpeg,404,0,failed
aluminyum-dograma,20250124061120,asset,https://devaaluminyum.com/Detay/56/156/kayseri-aluminyum-dograma/resimler/0-992801538758-c9f0f895fb98ab9159f51fd0297e236da.jpeg,404,0,failed
aluminyum-dograma,20250124061120,asset,https://devaaluminyum.com/Detay/56/156/kayseri-aluminyum-dograma/resimler/0-992801538758-d3d9446802a44259755d38e6d163e820.jpg,404,0,failed
aluminyum-dograma,20250124061120,asset,https://devaaluminyum.com/Detay/56/156/kayseri-aluminyum-dograma/resimler/0-992801538758-d3d9446802a44259755d38e6d163e820a.jpg,404,0,failed
aluminyum-dograma,20250124061120,asset,https://devaaluminyum.com/Detay/56/156/kayseri-aluminyum-dograma/resimler/0-992801538758-e4da3b7fbbce2345d7772b0674a318d5.jpg,404,0,failed
aluminyum-dograma,20250124061120,asset,https://devaaluminyum.com/Detay/56/156/kayseri-aluminyum-dograma/resimler/0-992801538758-e4da3b7fbbce2345d7772b0674a318d5a.jpg,404,0,failed
aluminyum-dograma,20250124061120,asset,https://devaaluminyum.com/Detay/56/156/kayseri-aluminyum-dograma/resimler/0-992801538758-eccbc87e4b5ce2fe28308fd9f2a7baf3.jpg,404,0,failed
aluminyum-dograma,20250124061120,asset,https://devaaluminyum.com/Detay/56/156/kayseri-aluminyum-dograma/resimler/0-992801538758-eccbc87e4b5ce2fe28308fd9f2a7baf3.png,404,0,failed
aluminyum-dograma,20250124061120,asset,https://devaaluminyum.com/Detay/56/156/kayseri-aluminyum-dograma/resimler/0-992801538758-eccbc87e4b5ce2fe28308fd9f2a7baf3a.jpg,404,0,failed
aluminyum-dograma,20250124061120,asset,https://devaaluminyum.com/Detay/56/156/kayseri-aluminyum-dograma/resimler/0-992801538758-eccbc87e4b5ce2fe28308fd9f2a7baf3a.png,404,0,failed
aluminyum-dograma,20250124061120,asset,https://devaaluminyum.com/Tema/logo.png,200,6029,image/png
aluminyum-dograma,20250124061120,asset,https://devaaluminyum.com/Tema/style.css,200,16416,text/css
aluminyum-dograma,20250124061120,asset,https://devaaluminyum.com/qinternet/alibox/jquery.min.js,200,93870,application/javascript
aluminyum-dograma,20250124061120,asset,https://devaaluminyum.com/qinternet/alibox/lightbox/jquery.lightbox.min.js,200,16978,application/javascript
aluminyum-dograma,20250124061120,asset,https://devaaluminyum.com/qinternet/alibox/lightbox/themes/facebook/jquery.lightbox.css,200,5789,text/css
aluminyum-dograma,20250124061120,asset,https://devaaluminyum.com/qinternet/flexslider/flexslider.css,200,0,failed
aluminyum-dograma,20250124061120,asset,https://devaaluminyum.com/qinternet/flexslider/jquery.flexslider.js,200,41110,application/javascript
aluminyum-dograma,20250124061120,asset,https://devaaluminyum.com/qinternet/font.css,200,2151,text/css
aluminyum-dograma,20250124061120,asset,https://devaaluminyum.com/qinternet/jcarousellite_1.0.1.pack.js,200,2137,application/javascript
aluminyum-dograma,20250124061120,asset,https://devaaluminyum.com/qinternet/jquery-1.7.2.js,200,262285,application/javascript
aluminyum-dograma,20250124061120,asset,https://devaaluminyum.com/qinternet/js.js,200,3769,application/javascript
aluminyum-dograma,20250124061120,asset,https://devaaluminyum.com/qinternet/ortak.css,200,1752,text/css
aluminyum-dograma,20250124061120,asset,https://www.egealuminyum.com/images/pages/aluminyum-dograma.jpg,200,115455,image/jpeg
aluminyum-dograma,20250124061120,page,https://devaaluminyum.com/Detay/56/156/kayseri-aluminyum-dograma/,200,8401,title=Kayseri Alüminyum Doğrama; h1=
fransiz-balkon,20250124063340,asset,http://devaaluminyum.com/resimler/0-128721594396-259936a28ab4276e1426ab9ca3aa107c.jpg,404,0,failed
fransiz-balkon,20250124063340,asset,http://devaaluminyum.com/resimler/0-128721594396-259936a28ab4276e1426ab9ca3aa107ca.jpg,404,0,failed
fransiz-balkon,20250124063340,asset,http://devaaluminyum.com/resimler/0-128721594396-3cdf569b0e0ff20fb52a7266f964b471.jpg,404,0,failed
fransiz-balkon,20250124063340,asset,http://devaaluminyum.com/resimler/0-128721594396-3cdf569b0e0ff20fb52a7266f964b471a.jpg,404,0,failed
fransiz-balkon,20250124063340,asset,http://devaaluminyum.com/resimler/0-128721594396-44f49da96bb884a8c1435872a6b0ad34.jpg,404,0,failed
fransiz-balkon,20250124063340,asset,http://devaaluminyum.com/resimler/0-128721594396-44f49da96bb884a8c1435872a6b0ad34a.jpg,404,0,failed
fransiz-balkon,20250124063340,asset,http://devaaluminyum.com/resimler/0-128721594396-59ad21f8ac71e0fe61a6dc10219fcd1e.jpg,404,0,failed
fransiz-balkon,20250124063340,asset,http://devaaluminyum.com/resimler/0-128721594396-59ad21f8ac71e0fe61a6dc10219fcd1ea.jpg,404,0,failed
fransiz-balkon,20250124063340,asset,http://devaaluminyum.com/resimler/0-128721594396-639245830c396b4594c4edb07b08e22d.jpg,404,0,failed
fransiz-balkon,20250124063340,asset,http://devaaluminyum.com/resimler/0-128721594396-639245830c396b4594c4edb07b08e22da.jpg,404,0,failed
fransiz-balkon,20250124063340,asset,http://devaaluminyum.com/resimler/0-128721594396-73a1e4783dc5fc8a163aee084848371e.jpg,404,0,failed
fransiz-balkon,20250124063340,asset,http://devaaluminyum.com/resimler/0-128721594396-73a1e4783dc5fc8a163aee084848371ea.jpg,404,0,failed
fransiz-balkon,20250124063340,asset,http://devaaluminyum.com/resimler/0-128721594396-7f98db02db5800d96f68fdbe64f0a474.jpg,404,0,failed
fransiz-balkon,20250124063340,asset,http://devaaluminyum.com/resimler/0-128721594396-7f98db02db5800d96f68fdbe64f0a474a.jpg,404,0,failed
fransiz-balkon,20250124063340,asset,http://devaaluminyum.com/resimler/0-128721594396-a8d5a41897e25f6cc1f1cd87126d171a.jpg,404,0,failed
fransiz-balkon,20250124063340,asset,http://devaaluminyum.com/resimler/0-128721594396-a8d5a41897e25f6cc1f1cd87126d171aa.jpg,404,0,failed
fransiz-balkon,20250124063340,asset,http://devaaluminyum.com/resimler/0-128721594396-be65e0957dd02af66bc10478b3046c6d.jpg,404,0,failed
fransiz-balkon,20250124063340,asset,http://devaaluminyum.com/resimler/0-128721594396-be65e0957dd02af66bc10478b3046c6da.jpg,404,0,failed
fransiz-balkon,20250124063340,asset,http://devaaluminyum.com/resimler/0-128721594396-eaee29f75dba2e8cfefe6c9f9ee84aec.jpg,404,0,failed
fransiz-balkon,20250124063340,asset,http://devaaluminyum.com/resimler/0-128721594396-eaee29f75dba2e8cfefe6c9f9ee84aeca.jpg,404,0,failed
fransiz-balkon,20250124063340,asset,http://www.isaykupeste.com/resim/dikeycubuk2.jpg,404,0,failed
fransiz-balkon,20250124063340,asset,https://devaaluminyum.com/Detay/56/171/fransiz-balkon-korkuluklari/qinternet/sosyalmedya/facebook.png,404,0,failed
fransiz-balkon,20250124063340,asset,https://devaaluminyum.com/Detay/56/171/fransiz-balkon-korkuluklari/qinternet/sosyalmedya/hangouts.png,404,0,failed
fransiz-balkon,20250124063340,asset,https://devaaluminyum.com/Detay/56/171/fransiz-balkon-korkuluklari/resimler/0-214725407200-259936a28ab4276e1426ab9ca3aa107c.jpg,404,0,failed
fransiz-balkon,20250124063340,asset,https://devaaluminyum.com/Detay/56/171/fransiz-balkon-korkuluklari/resimler/0-214725407200-259936a28ab4276e1426ab9ca3aa107ca.jpg,404,0,failed
fransiz-balkon,20250124063340,asset,https://devaaluminyum.com/Detay/56/171/fransiz-balkon-korkuluklari/resimler/0-214725407200-3cdf569b0e0ff20fb52a7266f964b471.jpg,404,0,failed
fransiz-balkon,20250124063340,asset,https://devaaluminyum.com/Detay/56/171/fransiz-balkon-korkuluklari/resimler/0-214725407200-3cdf569b0e0ff20fb52a7266f964b471a.jpg,404,0,failed
fransiz-balkon,20250124063340,asset,https://devaaluminyum.com/Detay/56/171/fransiz-balkon-korkuluklari/resimler/0-214725407200-44f49da96bb884a8c1435872a6b0ad34.jpg,404,0,failed
fransiz-balkon,20250124063340,asset,https://devaaluminyum.com/Detay/56/171/fransiz-balkon-korkuluklari/resimler/0-214725407200-44f49da96bb884a8c1435872a6b0ad34a.jpg,404,0,failed
fransiz-balkon,20250124063340,asset,https://devaaluminyum.com/Detay/56/171/fransiz-balkon-korkuluklari/resimler/0-214725407200-59ad21f8ac71e0fe61a6dc10219fcd1e.jpg,404,0,failed
fransiz-balkon,20250124063340,asset,https://devaaluminyum.com/Detay/56/171/fransiz-balkon-korkuluklari/resimler/0-214725407200-59ad21f8ac71e0fe61a6dc10219fcd1ea.jpg,404,0,failed
fransiz-balkon,20250124063340,asset,https://devaaluminyum.com/Detay/56/171/fransiz-balkon-korkuluklari/resimler/0-214725407200-639245830c396b4594c4edb07b08e22d.jpg,404,0,failed
fransiz-balkon,20250124063340,asset,https://devaaluminyum.com/Detay/56/171/fransiz-balkon-korkuluklari/resimler/0-214725407200-639245830c396b4594c4edb07b08e22da.jpg,404,0,failed
fransiz-balkon,20250124063340,asset,https://devaaluminyum.com/Detay/56/171/fransiz-balkon-korkuluklari/resimler/0-214725407200-73a1e4783dc5fc8a163aee084848371e.jpg,404,0,failed
fransiz-balkon,20250124063340,asset,https://devaaluminyum.com/Detay/56/171/fransiz-balkon-korkuluklari/resimler/0-214725407200-73a1e4783dc5fc8a163aee084848371ea.jpg,404,0,failed
fransiz-balkon,20250124063340,asset,https://devaaluminyum.com/Detay/56/171/fransiz-balkon-korkuluklari/resimler/0-214725407200-7f98db02db5800d96f68fdbe64f0a474.jpg,404,0,failed
fransiz-balkon,20250124063340,asset,https://devaaluminyum.com/Detay/56/171/fransiz-balkon-korkuluklari/resimler/0-214725407200-7f98db02db5800d96f68fdbe64f0a474a.jpg,404,0,failed
fransiz-balkon,20250124063340,asset,https://devaaluminyum.com/Detay/56/171/fransiz-balkon-korkuluklari/resimler/0-214725407200-a8d5a41897e25f6cc1f1cd87126d171a.jpg,404,0,failed
fransiz-balkon,20250124063340,asset,https://devaaluminyum.com/Detay/56/171/fransiz-balkon-korkuluklari/resimler/0-214725407200-a8d5a41897e25f6cc1f1cd87126d171aa.jpg,404,0,failed
fransiz-balkon,20250124063340,asset,https://devaaluminyum.com/Detay/56/171/fransiz-balkon-korkuluklari/resimler/0-214725407200-be65e0957dd02af66bc10478b3046c6d.jpg,404,0,failed
fransiz-balkon,20250124063340,asset,https://devaaluminyum.com/Detay/56/171/fransiz-balkon-korkuluklari/resimler/0-214725407200-be65e0957dd02af66bc10478b3046c6da.jpg,404,0,failed
fransiz-balkon,20250124063340,asset,https://devaaluminyum.com/Detay/56/171/fransiz-balkon-korkuluklari/resimler/0-214725407200-eaee29f75dba2e8cfefe6c9f9ee84aec.jpg,404,0,failed
fransiz-balkon,20250124063340,asset,https://devaaluminyum.com/Detay/56/171/fransiz-balkon-korkuluklari/resimler/0-214725407200-eaee29f75dba2e8cfefe6c9f9ee84aeca.jpg,404,0,failed
fransiz-balkon,20250124063340,asset,https://devaaluminyum.com/Tema/logo.png,200,6029,image/png
fransiz-balkon,20250124063340,asset,https://devaaluminyum.com/Tema/style.css,200,16416,text/css
fransiz-balkon,20250124063340,asset,https://devaaluminyum.com/qinternet/alibox/jquery.min.js,200,93870,application/javascript
fransiz-balkon,20250124063340,asset,https://devaaluminyum.com/qinternet/alibox/lightbox/jquery.lightbox.min.js,200,16978,application/javascript
fransiz-balkon,20250124063340,asset,https://devaaluminyum.com/qinternet/alibox/lightbox/themes/facebook/jquery.lightbox.css,200,5789,text/css
fransiz-balkon,20250124063340,asset,https://devaaluminyum.com/qinternet/flexslider/flexslider.css,200,0,failed
fransiz-balkon,20250124063340,asset,https://devaaluminyum.com/qinternet/flexslider/jquery.flexslider.js,200,41110,application/javascript
fransiz-balkon,20250124063340,asset,https://devaaluminyum.com/qinternet/font.css,200,2151,text/css
fransiz-balkon,20250124063340,asset,https://devaaluminyum.com/qinternet/jcarousellite_1.0.1.pack.js,200,2137,application/javascript
fransiz-balkon,20250124063340,asset,https://devaaluminyum.com/qinternet/jquery-1.7.2.js,200,262285,application/javascript
fransiz-balkon,20250124063340,asset,https://devaaluminyum.com/qinternet/js.js,200,3769,application/javascript
fransiz-balkon,20250124063340,asset,https://devaaluminyum.com/qinternet/ortak.css,200,1752,text/css
fransiz-balkon,20250124063340,page,https://devaaluminyum.com/Detay/56/171/fransiz-balkon-korkuluklari/,200,15572,title=Fransız Balkon Korkulukları; h1=
balkon-korkuluk,20250124072853,asset,https://devaaluminyum.com/Detay/56/170/balkon-korkuluklari/qinternet/sosyalmedya/facebook.png,404,0,failed
balkon-korkuluk,20250124072853,asset,https://devaaluminyum.com/Detay/56/170/balkon-korkuluklari/qinternet/sosyalmedya/hangouts.png,404,0,failed
balkon-korkuluk,20250124072853,asset,https://devaaluminyum.com/Detay/56/170/balkon-korkuluklari/resimler/0-462234708188-45c48cce2e2d7fbdea1afc51c7c6ad26.jpg,404,0,failed
balkon-korkuluk,20250124072853,asset,https://devaaluminyum.com/Detay/56/170/balkon-korkuluklari/resimler/0-462234708188-45c48cce2e2d7fbdea1afc51c7c6ad26a.jpg,404,0,failed
balkon-korkuluk,20250124072853,asset,https://devaaluminyum.com/Detay/56/170/balkon-korkuluklari/resimler/0-462234708188-8f14e45fceea167a5a36dedd4bea2543.jpg,404,0,failed
balkon-korkuluk,20250124072853,asset,https://devaaluminyum.com/Detay/56/170/balkon-korkuluklari/resimler/0-462234708188-8f14e45fceea167a5a36dedd4bea2543a.jpg,404,0,failed
balkon-korkuluk,20250124072853,asset,https://devaaluminyum.com/Detay/56/170/balkon-korkuluklari/resimler/0-462234708188-96a3be3cf272e017046d1b2674a52bd3.jpg,404,0,failed
balkon-korkuluk,20250124072853,asset,https://devaaluminyum.com/Detay/56/170/balkon-korkuluklari/resimler/0-462234708188-96a3be3cf272e017046d1b2674a52bd3a.jpg,404,0,failed
balkon-korkuluk,20250124072853,asset,https://devaaluminyum.com/Detay/56/170/balkon-korkuluklari/resimler/0-462234708188-a87ff679a2f3e71d9181a67b7542122c.jpg,404,0,failed
balkon-korkuluk,20250124072853,asset,https://devaaluminyum.com/Detay/56/170/balkon-korkuluklari/resimler/0-462234708188-a87ff679a2f3e71d9181a67b7542122ca.jpg,404,0,failed
balkon-korkuluk,20250124072853,asset,https://devaaluminyum.com/Detay/56/170/balkon-korkuluklari/resimler/0-462234708188-c4ca4238a0b923820dcc509a6f75849b.jpg,404,0,failed
balkon-korkuluk,20250124072853,asset,https://devaaluminyum.com/Detay/56/170/balkon-korkuluklari/resimler/0-462234708188-c4ca4238a0b923820dcc509a6f75849ba.jpg,404,0,failed
balkon-korkuluk,20250124072853,asset,https://devaaluminyum.com/Detay/56/170/balkon-korkuluklari/resimler/0-462234708188-c81e728d9d4c2f636f067f89cc14862c.jpg,404,0,failed
balkon-korkuluk,20250124072853,asset,https://devaaluminyum.com/Detay/56/170/balkon-korkuluklari/resimler/0-462234708188-c81e728d9d4c2f636f067f89cc14862ca.jpg,404,0,failed
balkon-korkuluk,20250124072853,asset,https://devaaluminyum.com/Detay/56/170/balkon-korkuluklari/resimler/0-462234708188-c9f0f895fb98ab9159f51fd0297e236d.jpg,404,0,failed
balkon-korkuluk,20250124072853,asset,https://devaaluminyum.com/Detay/56/170/balkon-korkuluklari/resimler/0-462234708188-c9f0f895fb98ab9159f51fd0297e236da.jpg,404,0,failed
balkon-korkuluk,20250124072853,asset,https://devaaluminyum.com/Detay/56/170/balkon-korkuluklari/resimler/0-462234708188-e4da3b7fbbce2345d7772b0674a318d5.jpg,404,0,failed
balkon-korkuluk,20250124072853,asset,https://devaaluminyum.com/Detay/56/170/balkon-korkuluklari/resimler/0-462234708188-e4da3b7fbbce2345d7772b0674a318d5a.jpg,404,0,failed
balkon-korkuluk,20250124072853,asset,https://devaaluminyum.com/Detay/56/170/balkon-korkuluklari/resimler/0-462234708188-eccbc87e4b5ce2fe28308fd9f2a7baf3.jpg,404,0,failed
balkon-korkuluk,20250124072853,asset,https://devaaluminyum.com/Detay/56/170/balkon-korkuluklari/resimler/0-462234708188-eccbc87e4b5ce2fe28308fd9f2a7baf3a.jpg,404,0,failed
balkon-korkuluk,20250124072853,asset,https://devaaluminyum.com/Tema/logo.png,200,6029,image/png
balkon-korkuluk,20250124072853,asset,https://devaaluminyum.com/Tema/style.css,200,16416,text/css
balkon-korkuluk,20250124072853,asset,https://devaaluminyum.com/qinternet/alibox/jquery.min.js,200,93870,application/javascript
balkon-korkuluk,20250124072853,asset,https://devaaluminyum.com/qinternet/alibox/lightbox/jquery.lightbox.min.js,200,16978,application/javascript
balkon-korkuluk,20250124072853,asset,https://devaaluminyum.com/qinternet/alibox/lightbox/themes/facebook/jquery.lightbox.css,200,5789,text/css
balkon-korkuluk,20250124072853,asset,https://devaaluminyum.com/qinternet/flexslider/flexslider.css,200,0,failed
balkon-korkuluk,20250124072853,asset,https://devaaluminyum.com/qinternet/flexslider/jquery.flexslider.js,200,41110,application/javascript
balkon-korkuluk,20250124072853,asset,https://devaaluminyum.com/qinternet/font.css,200,2151,text/css
balkon-korkuluk,20250124072853,asset,https://devaaluminyum.com/qinternet/jcarousellite_1.0.1.pack.js,200,2137,application/javascript
balkon-korkuluk,20250124072853,asset,https://devaaluminyum.com/qinternet/jquery-1.7.2.js,200,262285,application/javascript
balkon-korkuluk,20250124072853,asset,https://devaaluminyum.com/qinternet/js.js,200,3769,application/javascript
balkon-korkuluk,20250124072853,asset,https://devaaluminyum.com/qinternet/ortak.css,200,1752,text/css
balkon-korkuluk,20250124072853,asset,https://www.ayberkkupeste.com/resim.php?p=data/haber/MFBkWjpnvIdj6WL1.jpg&w=763,404,0,failed
balkon-korkuluk,20250124072853,page,https://devaaluminyum.com/Detay/56/170/balkon-korkuluklari/,200,9276,title=Balkon Korkulukları; h1=
merdiven-korkuluk,20250124054130,asset,https://devaaluminyum.com/Detay/56/169/merdiven-korkuluklari/qinternet/sosyalmedya/facebook.png,404,0,failed
merdiven-korkuluk,20250124054130,asset,https://devaaluminyum.com/Detay/56/169/merdiven-korkuluklari/qinternet/sosyalmedya/hangouts.png,404,0,failed
merdiven-korkuluk,20250124054130,asset,https://devaaluminyum.com/Detay/56/169/merdiven-korkuluklari/resimler/0-364913338130-c4ca4238a0b923820dcc509a6f75849b.jpeg,404,0,failed
merdiven-korkuluk,20250124054130,asset,https://devaaluminyum.com/Detay/56/169/merdiven-korkuluklari/resimler/0-364913338130-c4ca4238a0b923820dcc509a6f75849ba.jpeg,404,0,failed
merdiven-korkuluk,20250124054130,asset,https://devaaluminyum.com/Detay/56/169/merdiven-korkuluklari/resimler/0-364913338130-c81e728d9d4c2f636f067f89cc14862c.jpg,404,0,failed
merdiven-korkuluk,20250124054130,asset,https://devaaluminyum.com/Detay/56/169/merdiven-korkuluklari/resimler/0-364913338130-c81e728d9d4c2f636f067f89cc14862ca.jpg,404,0,failed
merdiven-korkuluk,20250124054130,asset,https://devaaluminyum.com/Detay/56/169/merdiven-korkuluklari/resimler/0-364913338130-eccbc87e4b5ce2fe28308fd9f2a7baf3.jpg,404,0,failed
merdiven-korkuluk,20250124054130,asset,https://devaaluminyum.com/Detay/56/169/merdiven-korkuluklari/resimler/0-364913338130-eccbc87e4b5ce2fe28308fd9f2a7baf3a.jpg,404,0,failed
merdiven-korkuluk,20250124054130,asset,https://devaaluminyum.com/Detay/56/169/merdiven-korkuluklari/resimler/0-834556141573-1f0e3dad99908345f7439f8ffabdffc4.jpg,404,0,failed
merdiven-korkuluk,20250124054130,asset,https://devaaluminyum.com/Detay/56/169/merdiven-korkuluklari/resimler/0-834556141573-1f0e3dad99908345f7439f8ffabdffc4a.jpg,404,0,failed
merdiven-korkuluk,20250124054130,asset,https://devaaluminyum.com/Detay/56/169/merdiven-korkuluklari/resimler/0-834556141573-6512bd43d9caa6e02c990b0a82652dca.jpg,404,0,failed
merdiven-korkuluk,20250124054130,asset,https://devaaluminyum.com/Detay/56/169/merdiven-korkuluklari/resimler/0-834556141573-6512bd43d9caa6e02c990b0a82652dcaa.jpg,404,0,failed
merdiven-korkuluk,20250124054130,asset,https://devaaluminyum.com/Detay/56/169/merdiven-korkuluklari/resimler/0-834556141573-6f4922f45568161a8cdf4ad2299f6d23.jpg,404,0,failed
merdiven-korkuluk,20250124054130,asset,https://devaaluminyum.com/Detay/56/169/merdiven-korkuluklari/resimler/0-834556141573-6f4922f45568161a8cdf4ad2299f6d23a.jpg,404,0,failed
merdiven-korkuluk,20250124054130,asset,https://devaaluminyum.com/Detay/56/169/merdiven-korkuluklari/resimler/0-834556141573-70efdf2ec9b086079795c442636b55fb.jpg,404,0,failed
merdiven-korkuluk,20250124054130,asset,https://devaaluminyum.com/Detay/56/169/merdiven-korkuluklari/resimler/0-834556141573-70efdf2ec9b086079795c442636b55fba.jpg,404,0,failed
merdiven-korkuluk,20250124054130,asset,https://devaaluminyum.com/Detay/56/169/merdiven-korkuluklari/resimler/0-834556141573-aab3238922bcc25a6f606eb525ffdc56.jpg,404,0,failed
merdiven-korkuluk,20250124054130,asset,https://devaaluminyum.com/Detay/56/169/merdiven-korkuluklari/resimler/0-834556141573-aab3238922bcc25a6f606eb525ffdc56a.jpg,404,0,failed
merdiven-korkuluk,20250124054130,asset,https://devaaluminyum.com/Detay/56/169/merdiven-korkuluklari/resimler/0-834556141573-c20ad4d76fe97759aa27a0c99bff6710.jpg,404,0,failed
merdiven-korkuluk,20250124054130,asset,https://devaaluminyum.com/Detay/56/169/merdiven-korkuluklari/resimler/0-834556141573-c20ad4d76fe97759aa27a0c99bff6710a.jpg,404,0,failed
merdiven-korkuluk,20250124054130,asset,https://devaaluminyum.com/Detay/56/169/merdiven-korkuluklari/resimler/0-834556141573-c74d97b01eae257e44aa9d5bade97baf.jpg,404,0,failed
merdiven-korkuluk,20250124054130,asset,https://devaaluminyum.com/Detay/56/169/merdiven-korkuluklari/resimler/0-834556141573-c74d97b01eae257e44aa9d5bade97bafa.jpg,404,0,failed
merdiven-korkuluk,20250124054130,asset,https://devaaluminyum.com/Tema/logo.png,200,6029,image/png
merdiven-korkuluk,20250124054130,asset,https://devaaluminyum.com/Tema/style.css,200,16416,text/css
merdiven-korkuluk,20250124054130,asset,https://devaaluminyum.com/qinternet/alibox/jquery.min.js,200,93870,application/javascript
merdiven-korkuluk,20250124054130,asset,https://devaaluminyum.com/qinternet/alibox/lightbox/jquery.lightbox.min.js,200,16978,application/javascript
merdiven-korkuluk,20250124054130,asset,https://devaaluminyum.com/qinternet/alibox/lightbox/themes/facebook/jquery.lightbox.css,200,5789,text/css
merdiven-korkuluk,20250124054130,asset,https://devaaluminyum.com/qinternet/flexslider/flexslider.css,200,0,failed
merdiven-korkuluk,20250124054130,asset,https://devaaluminyum.com/qinternet/flexslider/jquery.flexslider.js,200,41110,application/javascript
merdiven-korkuluk,20250124054130,asset,https://devaaluminyum.com/qinternet/font.css,200,2151,text/css
merdiven-korkuluk,20250124054130,asset,https://devaaluminyum.com/qinternet/jcarousellite_1.0.1.pack.js,200,2137,application/javascript
merdiven-korkuluk,20250124054130,asset,https://devaaluminyum.com/qinternet/jquery-1.7.2.js,200,262285,application/javascript
merdiven-korkuluk,20250124054130,asset,https://devaaluminyum.com/qinternet/js.js,200,3769,application/javascript
merdiven-korkuluk,20250124054130,asset,https://devaaluminyum.com/qinternet/ortak.css,200,1752,text/css
merdiven-korkuluk,20250124054130,asset,https://hdc.com.tr/wp-content/uploads/bizi-arayin.png,404,0,failed
merdiven-korkuluk,20250124054130,page,https://devaaluminyum.com/Detay/56/169/merdiven-korkuluklari/,200,9533,title=Merdiven Korkulukları; h1=
bina-giris-kapisi,20250124072352,asset,https://devaaluminyum.com/Detay/56/162/kayseri--bina-giris-kapisi/qinternet/sosyalmedya/facebook.png,404,0,failed
bina-giris-kapisi,20250124072352,asset,https://devaaluminyum.com/Detay/56/162/kayseri--bina-giris-kapisi/qinternet/sosyalmedya/hangouts.png,404,0,failed
bina-giris-kapisi,20250124072352,asset,https://devaaluminyum.com/Detay/56/162/kayseri--bina-giris-kapisi/resimler/0-522964470860-144cb8381aea8b7eb240d8c884e65495.jpg,404,0,failed
bina-giris-kapisi,20250124072352,asset,https://devaaluminyum.com/Detay/56/162/kayseri--bina-giris-kapisi/resimler/0-522964470860-144cb8381aea8b7eb240d8c884e65495a.jpg,404,0,failed
bina-giris-kapisi,20250124072352,asset,https://devaaluminyum.com/Detay/56/162/kayseri--bina-giris-kapisi/resimler/0-522964470860-59b514174bffe4ae402b3d63aad79fe0.jpg,404,0,failed
bina-giris-kapisi,20250124072352,asset,https://devaaluminyum.com/Detay/56/162/kayseri--bina-giris-kapisi/resimler/0-522964470860-59b514174bffe4ae402b3d63aad79fe0a.jpg,404,0,failed
bina-giris-kapisi,20250124072352,asset,https://devaaluminyum.com/Detay/56/162/kayseri--bina-giris-kapisi/resimler/0-522964470860-68a3565b54473e76ccaf941101a30f53.jpg,404,0,failed
bina-giris-kapisi,20250124072352,asset,https://devaaluminyum.com/Detay/56/162/kayseri--bina-giris-kapisi/resimler/0-522964470860-68a3565b54473e76ccaf941101a30f53a.jpg,404,0,failed
bina-giris-kapisi,20250124072352,asset,https://devaaluminyum.com/Detay/56/162/kayseri--bina-giris-kapisi/resimler/0-522964470860-93cb50a4199b865d519016de2a0f3ace.jpg,404,0,failed
bina-giris-kapisi,20250124072352,asset,https://devaaluminyum.com/Detay/56/162/kayseri--bina-giris-kapisi/resimler/0-522964470860-93cb50a4199b865d519016de2a0f3acea.jpg,404,0,failed
bina-giris-kapisi,20250124072352,asset,https://devaaluminyum.com/Detay/56/162/kayseri--bina-giris-kapisi/resimler/0-734271579771-653036cd53f772e256ae01f7a9a5b3d6.jpeg,404,0,failed
bina-giris-kapisi,20250124072352,asset,https://devaaluminyum.com/Detay/56/162/kayseri--bina-giris-kapisi/resimler/0-734271579771-653036cd53f772e256ae01f7a9a5b3d6a.jpeg,404,0,failed
bina-giris-kapisi,20250124072352,asset,https://devaaluminyum.com/Detay/56/162/kayseri--bina-giris-kapisi/resimler/0-734271579771-c4ca4238a0b923820dcc509a6f75849b.jpg,404,0,failed
bina-giris-kapisi,20250124072352,asset,https://devaaluminyum.com/Detay/56/162/kayseri--bina-giris-kapisi/resimler/0-734271579771-c4ca4238a0b923820dcc509a6f75849ba.jpg,404,0,failed
bina-giris-kapisi,20250124072352,asset,https://devaaluminyum.com/Detay/56/162/kayseri--bina-giris-kapisi/resimler/0-734271579771-c4ca4238a0b923820dcc509a6f75849ba.jpgf3e9cbde-dc56-4e3e-b18f-ea2129ee5fa9,404,0,failed
bina-giris-kapisi,20250124072352,asset,https://devaaluminyum.com/Detay/56/162/kayseri--bina-giris-kapisi/resimler/0-913389889372-202f536bc28823d4922b5b23642ca4a8.jpg,404,0,failed
bina-giris-kapisi,20250124072352,asset,https://devaaluminyum.com/Detay/56/162/kayseri--bina-giris-kapisi/resimler/0-913389889372-202f536bc28823d4922b5b23642ca4a8a.jpg,404,0,failed
bina-giris-kapisi,20250124072352,asset,https://devaaluminyum.com/Detay/56/162/kayseri--bina-giris-kapisi/resimler/0-913389889372-4c80c399f4a8330539db42952cfd99e9.jpg,404,0,failed
bina-giris-kapisi,20250124072352,asset,https://devaaluminyum.com/Detay/56/162/kayseri--bina-giris-kapisi/resimler/0-913389889372-4c80c399f4a8330539db42952cfd99e9a.jpg,404,0,failed
bina-giris-kapisi,20250124072352,asset,https://devaaluminyum.com/Detay/56/162/kayseri--bina-giris-kapisi/resimler/0-913389889372-59b514174bffe4ae402b3d63aad79fe0.jpg,404,0,failed
bina-giris-kapisi,20250124072352,asset,https://devaaluminyum.com/Detay/56/162/kayseri--bina-giris-kapisi/resimler/0-913389889372-59b514174bffe4ae402b3d63aad79fe0a.jpg,404,0,failed
bina-giris-kapisi,20250124072352,asset,https://devaaluminyum.com/Detay/56/162/kayseri--bina-giris-kapisi/resimler/0-913389889372-76b1a56588660586c5835c37378ad644.jpg,404,0,failed
bina-giris-kapisi,20250124072352,asset,https://devaaluminyum.com/Detay/56/162/kayseri--bina-giris-kapisi/resimler/0-913389889372-76b1a56588660586c5835c37378ad644a.jpg,404,0,failed
bina-giris-kapisi,20250124072352,asset,https://devaaluminyum.com/Detay/56/162/kayseri--bina-giris-kapisi/resimler/0-913389889372-a5a0047a00291fc669baeb17fa916e7f.jpg,404,0,failed
bina-giris-kapisi,20250124072352,asset,https://devaaluminyum.com/Detay/56/162/kayseri--bina-giris-kapisi/resimler/0-913389889372-a5a0047a00291fc669baeb17fa916e7fa.jpg,404,0,failed
bina-giris-kapisi,20250124072352,asset,https://devaaluminyum.com/Detay/56/162/kayseri--bina-giris-kapisi/resimler/0-913389889372-ade9e87e460a39d0c81f37301ca4416b.jpg,404,0,failed
bina-giris-kapisi,20250124072352,asset,https://devaaluminyum.com/Detay/56/162/kayseri--bina-giris-kapisi/resimler/0-913389889372-ade9e87e460a39d0c81f37301ca4416ba.jpg,404,0,failed
bina-giris-kapisi,20250124072352,asset,https://devaaluminyum.com/Detay/56/162/kayseri--bina-giris-kapisi/resimler/0-913389889372-caf1db0377dffe4066a225849245c9be.JPG,404,0,failed
bina-giris-kapisi,20250124072352,asset,https://devaaluminyum.com/Detay/56/162/kayseri--bina-giris-kapisi/resimler/0-913389889372-caf1db0377dffe4066a225849245c9bea.JPG,404,0,failed
bina-giris-kapisi,20250124072352,asset,https://devaaluminyum.com/Tema/logo.png,200,6029,image/png
bina-giris-kapisi,20250124072352,asset,https://devaaluminyum.com/Tema/style.css,200,16416,text/css
bina-giris-kapisi,20250124072352,asset,https://devaaluminyum.com/qinternet/alibox/jquery.min.js,200,93870,application/javascript
bina-giris-kapisi,20250124072352,asset,https://devaaluminyum.com/qinternet/alibox/lightbox/jquery.lightbox.min.js,200,16978,application/javascript
bina-giris-kapisi,20250124072352,asset,https://devaaluminyum.com/qinternet/alibox/lightbox/themes/facebook/jquery.lightbox.css,200,5789,text/css
bina-giris-kapisi,20250124072352,asset,https://devaaluminyum.com/qinternet/flexslider/flexslider.css,200,0,failed
bina-giris-kapisi,20250124072352,asset,https://devaaluminyum.com/qinternet/flexslider/jquery.flexslider.js,200,41110,application/javascript
bina-giris-kapisi,20250124072352,asset,https://devaaluminyum.com/qinternet/font.css,200,2151,text/css
bina-giris-kapisi,20250124072352,asset,https://devaaluminyum.com/qinternet/jcarousellite_1.0.1.pack.js,200,2137,application/javascript
bina-giris-kapisi,20250124072352,asset,https://devaaluminyum.com/qinternet/jquery-1.7.2.js,200,262285,application/javascript
bina-giris-kapisi,20250124072352,asset,https://devaaluminyum.com/qinternet/js.js,200,3769,application/javascript
bina-giris-kapisi,20250124072352,asset,https://devaaluminyum.com/qinternet/ortak.css,200,1752,text/css
bina-giris-kapisi,20250124072352,page,https://devaaluminyum.com/Detay/56/162/kayseri--bina-giris-kapisi/,200,8846,title=Kayseri  Bina Giriş Kapısı; h1=
ofis-bolmeleri,20250124060157,asset,http://www.ancealuminyum.com/wp-content/uploads/bfi_thumb/ofis-bolme-sistemi-nenjl68pnfatg49vebkdc0m5o5lah0snr1pp8krvqo.jpg,404,0,failed
ofis-bolmeleri,20250124060157,asset,https://devaaluminyum.com/Detay/56/163/kayseri-aluminyum-ofis-bolmeleri/qinternet/sosyalmedya/facebook.png,404,0,failed
ofis-bolmeleri,20250124060157,asset,https://devaaluminyum.com/Detay/56/163/kayseri-aluminyum-ofis-bolmeleri/qinternet/sosyalmedya/hangouts.png,404,0,failed
ofis-bolmeleri,20250124060157,asset,https://devaaluminyum.com/Detay/56/163/kayseri-aluminyum-ofis-bolmeleri/resimler/0-802471866709-0eaab519d7112be59f099bf8e4c33903.jpg,404,0,failed
ofis-bolmeleri,20250124060157,asset,https://devaaluminyum.com/Detay/56/163/kayseri-aluminyum-ofis-bolmeleri/resimler/0-802471866709-0eaab519d7112be59f099bf8e4c33903a.jpg,404,0,failed
ofis-bolmeleri,20250124060157,asset,https://devaaluminyum.com/Tema/logo.png,200,6029,image/png
ofis-bolmeleri,20250124060157,asset,https://devaaluminyum.com/Tema/style.css,200,16416,text/css
ofis-bolmeleri,20250124060157,asset,https://devaaluminyum.com/qinternet/alibox/jquery.min.js,200,93870,application/javascript
ofis-bolmeleri,20250124060157,asset,https://devaaluminyum.com/qinternet/alibox/lightbox/jquery.lightbox.min.js,200,16978,application/javascript
ofis-bolmeleri,20250124060157,asset,https://devaaluminyum.com/qinternet/alibox/lightbox/themes/facebook/jquery.lightbox.css,200,5789,text/css
ofis-bolmeleri,20250124060157,asset,https://devaaluminyum.com/qinternet/flexslider/flexslider.css,200,0,failed
ofis-bolmeleri,20250124060157,asset,https://devaaluminyum.com/qinternet/flexslider/jquery.flexslider.js,200,41110,application/javascript
ofis-bolmeleri,20250124060157,asset,https://devaaluminyum.com/qinternet/font.css,200,2151,text/css
ofis-bolmeleri,20250124060157,asset,https://devaaluminyum.com/qinternet/jcarousellite_1.0.1.pack.js,200,2137,application/javascript
ofis-bolmeleri,20250124060157,asset,https://devaaluminyum.com/qinternet/jquery-1.7.2.js,200,262285,application/javascript
ofis-bolmeleri,20250124060157,asset,https://devaaluminyum.com/qinternet/js.js,200,3769,application/javascript
ofis-bolmeleri,20250124060157,asset,https://devaaluminyum.com/qinternet/ortak.css,200,1752,text/css
ofis-bolmeleri,20250124060157,page,https://devaaluminyum.com/Detay/56/163/kayseri-aluminyum-ofis-bolmeleri/,200,8195,title=Kayseri Alüminyum Ofis Bölmeleri; h1=
fotoselli-kapi,20250124062922,asset,https://devaaluminyum.com/Detay/56/164/kayseri--fotoselli-otomatik-kapi-sistemleri-/qinternet/sosyalmedya/facebook.png,404,0,failed
fotoselli-kapi,20250124062922,asset,https://devaaluminyum.com/Detay/56/164/kayseri--fotoselli-otomatik-kapi-sistemleri-/qinternet/sosyalmedya/hangouts.png,404,0,failed
fotoselli-kapi,20250124062922,asset,https://devaaluminyum.com/Detay/56/164/kayseri--fotoselli-otomatik-kapi-sistemleri-/resimler/0-251646855715-4eab6805c6e27e340ef9a412aaaf99c2.jpg,404,0,failed
fotoselli-kapi,20250124062922,asset,https://devaaluminyum.com/Detay/56/164/kayseri--fotoselli-otomatik-kapi-sistemleri-/resimler/0-251646855715-4eab6805c6e27e340ef9a412aaaf99c2a.jpg,404,0,failed
fotoselli-kapi,20250124062922,asset,https://devaaluminyum.com/Detay/56/164/kayseri--fotoselli-otomatik-kapi-sistemleri-/resimler/0-370239429934-98f1b5a2506c6e4773c499a05a229ac0.jpg,404,0,failed
fotoselli-kapi,20250124062922,asset,https://devaaluminyum.com/Detay/56/164/kayseri--fotoselli-otomatik-kapi-sistemleri-/resimler/0-370239429934-98f1b5a2506c6e4773c499a05a229ac0a.jpg,404,0,failed
fotoselli-kapi,20250124062922,asset,https://devaaluminyum.com/Detay/56/164/kayseri--fotoselli-otomatik-kapi-sistemleri-/resimler/0-389839483297-e3dd86d61341ac9b3dc2298b2dd82535.jpg,404,0,failed
fotoselli-kapi,20250124062922,asset,https://devaaluminyum.com/Detay/56/164/kayseri--fotoselli-otomatik-kapi-sistemleri-/resimler/0-389839483297-e3dd86d61341ac9b3dc2298b2dd82535a.jpg,404,0,failed
fotoselli-kapi,20250124062922,asset,https://devaaluminyum.com/Detay/56/164/kayseri--fotoselli-otomatik-kapi-sistemleri-/resimler/0-392465625869-30eae5af8f632a43f9fff5450b96355b.jpg,404,0,failed
fotoselli-kapi,20250124062922,asset,https://devaaluminyum.com/Detay/56/164/kayseri--fotoselli-otomatik-kapi-sistemleri-/resimler/0-392465625869-30eae5af8f632a43f9fff5450b96355ba.jpg,404,0,failed
fotoselli-kapi,20250124062922,asset,https://devaaluminyum.com/Detay/56/164/kayseri--fotoselli-otomatik-kapi-sistemleri-/resimler/0-407174758501-779377033f7dd8b7944fbae6fe5ee705.jpg,404,0,failed
fotoselli-kapi,20250124062922,asset,https://devaaluminyum.com/Detay/56/164/kayseri--fotoselli-otomatik-kapi-sistemleri-/resimler/0-407174758501-779377033f7dd8b7944fbae6fe5ee705a.jpg,404,0,failed
fotoselli-kapi,20250124062922,asset,https://devaaluminyum.com/Detay/56/164/kayseri--fotoselli-otomatik-kapi-sistemleri-/resimler/0-511705664519-f28875dc837fbf7ae4776e5948af7a65.jpg,404,0,failed
fotoselli-kapi,20250124062922,asset,https://devaaluminyum.com/Detay/56/164/kayseri--fotoselli-otomatik-kapi-sistemleri-/resimler/0-511705664519-f28875dc837fbf7ae4776e5948af7a65a.jpg,404,0,failed
fotoselli-kapi,20250124062922,asset,https://devaaluminyum.com/Detay/56/164/kayseri--fotoselli-otomatik-kapi-sistemleri-/resimler/0-736957289762-3eed0271d87041b25ca6cc27e6503d42.jpg,404,0,failed
fotoselli-kapi,20250124062922,asset,https://devaaluminyum.com/Detay/56/164/kayseri--fotoselli-otomatik-kapi-sistemleri-/resimler/0-736957289762-3eed0271d87041b25ca6cc27e6503d42a.jpg,404,0,failed
fotoselli-kapi,20250124062922,asset,https://devaaluminyum.com/Detay/56/164/kayseri--fotoselli-otomatik-kapi-sistemleri-/resimler/0-777315931552-3665fceb3058ae4ceef437ad4c936423.jpg,404,0,failed
fotoselli-kapi,20250124062922,asset,https://devaaluminyum.com/Detay/56/164/kayseri--fotoselli-otomatik-kapi-sistemleri-/resimler/0-777315931552-3665fceb3058ae4ceef437ad4c936423a.jpg,404,0,failed
fotoselli-kapi,20250124062922,asset,https://devaaluminyum.com/Detay/56/164/kayseri--fotoselli-otomatik-kapi-sistemleri-/resimler/0-832819333289-564543589fa7b953459c3706ddab84a9.jpg,404,0,failed
fotoselli-kapi,20250124062922,asset,https://devaaluminyum.com/Detay/56/164/kayseri--fotoselli-otomatik-kapi-sistemleri-/resimler/0-832819333289-564543589fa7b953459c3706ddab84a9a.jpg,404,0,failed
fotoselli-kapi,20250124062922,asset,https://devaaluminyum.com/Detay/56/164/kayseri--fotoselli-otomatik-kapi-sistemleri-/resimler/0-984176392207-f4f02bb8a744a34a78295954b7d45af3.jpg,404,0,failed
fotoselli-kapi,20250124062922,asset,https://devaaluminyum.com/Detay/56/164/kayseri--fotoselli-otomatik-kapi-sistemleri-/resimler/0-984176392207-f4f02bb8a744a34a78295954b7d45af3a.jpg,404,0,failed
fotoselli-kapi,20250124062922,asset,https://devaaluminyum.com/Tema/logo.png,200,6029,image/png
fotoselli-kapi,20250124062922,asset,https://devaaluminyum.com/Tema/style.css,200,16416,text/css
fotoselli-kapi,20250124062922,asset,https://devaaluminyum.com/qinternet/alibox/jquery.min.js,200,93870,application/javascript
fotoselli-kapi,20250124062922,asset,https://devaaluminyum.com/qinternet/alibox/lightbox/jquery.lightbox.min.js,200,16978,application/javascript
fotoselli-kapi,20250124062922,asset,https://devaaluminyum.com/qinternet/alibox/lightbox/themes/facebook/jquery.lightbox.css,200,5789,text/css
fotoselli-kapi,20250124062922,asset,https://devaaluminyum.com/qinternet/flexslider/flexslider.css,200,0,failed
fotoselli-kapi,20250124062922,asset,https://devaaluminyum.com/qinternet/flexslider/jquery.flexslider.js,200,41110,application/javascript
fotoselli-kapi,20250124062922,asset,https://devaaluminyum.com/qinternet/font.css,200,2151,text/css
fotoselli-kapi,20250124062922,asset,https://devaaluminyum.com/qinternet/jcarousellite_1.0.1.pack.js,200,2137,application/javascript
fotoselli-kapi,20250124062922,asset,https://devaaluminyum.com/qinternet/jquery-1.7.2.js,200,262285,application/javascript
fotoselli-kapi,20250124062922,asset,https://devaaluminyum.com/qinternet/js.js,200,3769,application/javascript
fotoselli-kapi,20250124062922,asset,https://devaaluminyum.com/qinternet/ortak.css,200,1752,text/css
fotoselli-kapi,20250124062922,asset,https://www.siber.com.tr/wp-content/uploads/2017/10/1a-Copertina-Fiera-736x414.jpg,404,0,failed
fotoselli-kapi,20250124062922,page,https://devaaluminyum.com/Detay/56/164/kayseri--fotoselli-otomatik-kapi-sistemleri-/,200,8103,title=Kayseri  Fotoselli Otomatik Kapı Sistemleri; h1=
cam-balkon,20250124063214,asset,http://elitcambalkontokat.com/resimler/0-579835490844-a1c5434a35b3c6da1b7a5f3cc41bfc95.png,200,447335,image/png
cam-balkon,20250124063214,asset,http://www.canercambalkon.com/img/corlu-cam-balkon-1.png,200,732396,image/png
cam-balkon,20250124063214,asset,https://devaaluminyum.com/Detay/56/158/kayseri-cam-balkon-imalati-ve-montaj/qinternet/sosyalmedya/facebook.png,404,0,failed
cam-balkon,20250124063214,asset,https://devaaluminyum.com/Detay/56/158/kayseri-cam-balkon-imalati-ve-montaj/qinternet/sosyalmedya/hangouts.png,404,0,failed
cam-balkon,20250124063214,asset,https://devaaluminyum.com/Detay/56/158/kayseri-cam-balkon-imalati-ve-montaj/resimler/0-292611611135-45c48cce2e2d7fbdea1afc51c7c6ad26.jpg,404,0,failed
cam-balkon,20250124063214,asset,https://devaaluminyum.com/Detay/56/158/kayseri-cam-balkon-imalati-ve-montaj/resimler/0-292611611135-45c48cce2e2d7fbdea1afc51c7c6ad26a.jpg,404,0,failed
cam-balkon,20250124063214,asset,https://devaaluminyum.com/Detay/56/158/kayseri-cam-balkon-imalati-ve-montaj/resimler/0-492385691918-1679091c5a880faf6fb5e6087eb1b2dc.jpg,404,0,failed
cam-balkon,20250124063214,asset,https://devaaluminyum.com/Detay/56/158/kayseri-cam-balkon-imalati-ve-montaj/resimler/0-492385691918-1679091c5a880faf6fb5e6087eb1b2dca.jpg,404,0,failed
cam-balkon,20250124063214,asset,https://devaaluminyum.com/Detay/56/158/kayseri-cam-balkon-imalati-ve-montaj/resimler/0-492385691918-45c48cce2e2d7fbdea1afc51c7c6ad26.jpg,404,0,failed
cam-balkon,20250124063214,asset,https://devaaluminyum.com/Detay/56/158/kayseri-cam-balkon-imalati-ve-montaj/resimler/0-492385691918-45c48cce2e2d7fbdea1afc51c7c6ad26a.jpg,404,0,failed
cam-balkon,20250124063214,asset,https://devaaluminyum.com/Detay/56/158/kayseri-cam-balkon-imalati-ve-montaj/resimler/0-492385691918-8f14e45fceea167a5a36dedd4bea2543.jpg,404,0,failed
cam-balkon,20250124063214,asset,https://devaaluminyum.com/Detay/56/158/kayseri-cam-balkon-imalati-ve-montaj/resimler/0-492385691918-8f14e45fceea167a5a36dedd4bea2543a.jpg,404,0,failed
cam-balkon,20250124063214,asset,https://devaaluminyum.com/Detay/56/158/kayseri-cam-balkon-imalati-ve-montaj/resimler/0-492385691918-a87ff679a2f3e71d9181a67b7542122c.jpg,404,0,failed
cam-balkon,20250124063214,asset,https://devaaluminyum.com/Detay/56/158/kayseri-cam-balkon-imalati-ve-montaj/resimler/0-492385691918-a87ff679a2f3e71d9181a67b7542122ca.jpg,404,0,failed
cam-balkon,20250124063214,asset,https://devaaluminyum.com/Detay/56/158/kayseri-cam-balkon-imalati-ve-montaj/resimler/0-492385691918-c4ca4238a0b923820dcc509a6f75849b.jpg,404,0,failed
cam-balkon,20250124063214,asset,https://devaaluminyum.com/Detay/56/158/kayseri-cam-balkon-imalati-ve-montaj/resimler/0-492385691918-c4ca4238a0b923820dcc509a6f75849ba.jpg,404,0,failed
cam-balkon,20250124063214,asset,https://devaaluminyum.com/Detay/56/158/kayseri-cam-balkon-imalati-ve-montaj/resimler/0-492385691918-c81e728d9d4c2f636f067f89cc14862c.jpg,404,0,failed
cam-balkon,20250124063214,asset,https://devaaluminyum.com/Detay/56/158/kayseri-cam-balkon-imalati-ve-montaj/resimler/0-492385691918-c81e728d9d4c2f636f067f89cc14862ca.jpg,404,0,failed
cam-balkon,20250124063214,asset,https://devaaluminyum.com/Detay/56/158/kayseri-cam-balkon-imalati-ve-montaj/resimler/0-492385691918-c9f0f895fb98ab9159f51fd0297e236d.jpg,404,0,failed
cam-balkon,20250124063214,asset,https://devaaluminyum.com/Detay/56/158/kayseri-cam-balkon-imalati-ve-montaj/resimler/0-492385691918-c9f0f895fb98ab9159f51fd0297e236da.jpg,404,0,failed
cam-balkon,20250124063214,asset,https://devaaluminyum.com/Detay/56/158/kayseri-cam-balkon-imalati-ve-montaj/resimler/0-492385691918-e4da3b7fbbce2345d7772b0674a318d5.jpg,404,0,failed
cam-balkon,20250124063214,asset,https://devaaluminyum.com/Detay/56/158/kayseri-cam-balkon-imalati-ve-montaj/resimler/0-492385691918-e4da3b7fbbce2345d7772b0674a318d5a.jpg,404,0,failed
cam-balkon,20250124063214,asset,https://devaaluminyum.com/Detay/56/158/kayseri-cam-balkon-imalati-ve-montaj/resimler/0-492385691918-eccbc87e4b5ce2fe28308fd9f2a7baf3.jpg,404,0,failed
cam-balkon,20250124063214,asset,https://devaaluminyum.com/Detay/56/158/kayseri-cam-balkon-imalati-ve-montaj/resimler/0-492385691918-eccbc87e4b5ce2fe28308fd9f2a7baf3a.jpg,404,0,failed
cam-balkon,20250124063214,asset,https://devaaluminyum.com/Detay/56/158/kayseri-cam-balkon-imalati-ve-montaj/resimler/0-770471526169-1679091c5a880faf6fb5e6087eb1b2dc.jpg,404,0,failed
cam-balkon,20250124063214,asset,https://devaaluminyum.com/Detay/56/158/kayseri-cam-balkon-imalati-ve-montaj/resimler/0-770471526169-1679091c5a880faf6fb5e6087eb1b2dca.jpg,404,0,failed
cam-balkon,20250124063214,asset,https://devaaluminyum.com/Detay/56/158/kayseri-cam-balkon-imalati-ve-montaj/resimler/0-770471526169-a87ff679a2f3e71d9181a67b7542122c.jpg,404,0,failed
cam-balkon,20250124063214,asset,https://devaaluminyum.com/Detay/56/158/kayseri-cam-balkon-imalati-ve-montaj/resimler/0-770471526169-a87ff679a2f3e71d9181a67b7542122ca.jpg,404,0,failed
cam-balkon,20250124063214,asset,https://devaaluminyum.com/Detay/56/158/kayseri-cam-balkon-imalati-ve-montaj/resimler/0-770471526169-c81e728d9d4c2f636f067f89cc14862c.jpg,404,0,failed
cam-balkon,20250124063214,asset,https://devaaluminyum.com/Detay/56/158/kayseri-cam-balkon-imalati-ve-montaj/resimler/0-770471526169-c81e728d9d4c2f636f067f89cc14862ca.jpg,404,0,failed
cam-balkon,20250124063214,asset,https://devaaluminyum.com/Detay/56/158/kayseri-cam-balkon-imalati-ve-montaj/resimler/0-770471526169-e4da3b7fbbce2345d7772b0674a318d5.jpg,404,0,failed
cam-balkon,20250124063214,asset,https://devaaluminyum.com/Detay/56/158/kayseri-cam-balkon-imalati-ve-montaj/resimler/0-770471526169-e4da3b7fbbce2345d7772b0674a318d5a.jpg,404,0,failed
cam-balkon,20250124063214,asset,https://devaaluminyum.com/Detay/56/158/kayseri-cam-balkon-imalati-ve-montaj/resimler/0-770471526169-eccbc87e4b5ce2fe28308fd9f2a7baf3.jpg,404,0,failed
cam-balkon,20250124063214,asset,https://devaaluminyum.com/Detay/56/158/kayseri-cam-balkon-imalati-ve-montaj/resimler/0-770471526169-eccbc87e4b5ce2fe28308fd9f2a7baf3a.jpg,404,0,failed
cam-balkon,20250124063214,asset,https://devaaluminyum.com/Tema/logo.png,200,6029,image/png
cam-balkon,20250124063214,asset,https://devaaluminyum.com/Tema/style.css,200,16416,text/css
cam-balkon,20250124063214,asset,https://devaaluminyum.com/qinternet/alibox/jquery.min.js,200,93870,application/javascript
cam-balkon,20250124063214,asset,https://devaaluminyum.com/qinternet/alibox/lightbox/jquery.lightbox.min.js,200,16978,application/javascript
cam-balkon,20250124063214,asset,https://devaaluminyum.com/qinternet/alibox/lightbox/themes/facebook/jquery.lightbox.css,200,5789,text/css
cam-balkon,20250124063214,asset,https://devaaluminyum.com/qinternet/flexslider/flexslider.css,200,0,failed
cam-balkon,20250124063214,asset,https://devaaluminyum.com/qinternet/flexslider/jquery.flexslider.js,200,41110,application/javascript
cam-balkon,20250124063214,asset,https://devaaluminyum.com/qinternet/font.css,200,2151,text/css
cam-balkon,20250124063214,asset,https://devaaluminyum.com/qinternet/jcarousellite_1.0.1.pack.js,200,2137,application/javascript
cam-balkon,20250124063214,asset,https://devaaluminyum.com/qinternet/jquery-1.7.2.js,200,262285,application/javascript
cam-balkon,20250124063214,asset,https://devaaluminyum.com/qinternet/js.js,200,3769,application/javascript
cam-balkon,20250124063214,asset,https://devaaluminyum.com/qinternet/ortak.css,200,1752,text/css
cam-balkon,20250124063214,page,https://devaaluminyum.com/Detay/56/158/kayseri-cam-balkon-imalati-ve-montaj/,200,10759,title=Kayseri Cam Balkon İmalatı ve Montaj; h1=
iletisim,20250124061252,asset,https://devaaluminyum.com/Tema/logo.png,200,6029,image/png
iletisim,20250124061252,asset,https://devaaluminyum.com/Tema/style.css,200,16416,text/css
iletisim,20250124061252,asset,https://devaaluminyum.com/qinternet/alibox/jquery.min.js,200,93870,application/javascript
iletisim,20250124061252,asset,https://devaaluminyum.com/qinternet/alibox/lightbox/jquery.lightbox.min.js,200,16978,application/javascript
iletisim,20250124061252,asset,https://devaaluminyum.com/qinternet/alibox/lightbox/themes/facebook/jquery.lightbox.css,200,5789,text/css
iletisim,20250124061252,asset,https://devaaluminyum.com/qinternet/flexslider/flexslider.css,200,0,failed
iletisim,20250124061252,asset,https://devaaluminyum.com/qinternet/flexslider/jquery.flexslider.js,200,41110,application/javascript
iletisim,20250124061252,asset,https://devaaluminyum.com/qinternet/font.css,200,2151,text/css
iletisim,20250124061252,asset,https://devaaluminyum.com/qinternet/jcarousellite_1.0.1.pack.js,200,2137,application/javascript
iletisim,20250124061252,asset,https://devaaluminyum.com/qinternet/jquery-1.7.2.js,200,262285,application/javascript
iletisim,20250124061252,asset,https://devaaluminyum.com/qinternet/js.js,200,3769,application/javascript
iletisim,20250124061252,asset,https://devaaluminyum.com/qinternet/ortak.css,200,1752,text/css
iletisim,20250124061252,asset,https://devaaluminyum.com/qinternet/sosyalmedya/facebook.png,200,1966,image/png
iletisim,20250124061252,asset,https://devaaluminyum.com/qinternet/sosyalmedya/hangouts.png,200,3649,image/png
iletisim,20250124061252,page,https://devaaluminyum.com/iletisim.html,200,7851,title=İletişim - Deva Alüminyum Kompozit Cephe Sistemleri - Kocasinan /KAYSERİ- 0 533 382 07 05; h1=
anasayfa-2025-07,20250711185606,asset,https://devaaluminyum.com/Tema/css/main.css,200,42840,text/css
anasayfa-2025-07,20250711185606,asset,https://devaaluminyum.com/Tema/css/variables.css,200,7797,text/css
anasayfa-2025-07,20250711185606,asset,https://devaaluminyum.com/Tema/js/main.js,200,6479,text/javascript
anasayfa-2025-07,20250711185606,asset,https://devaaluminyum.com/Tema/logo.png,200,6029,image/png
anasayfa-2025-07,20250711185606,asset,https://devaaluminyum.com/Tema/vendor/aos/aos.css,200,26053,text/css
anasayfa-2025-07,20250711185606,asset,https://devaaluminyum.com/Tema/vendor/aos/aos.js,200,14690,text/javascript
anasayfa-2025-07,20250711185606,asset,https://devaaluminyum.com/Tema/vendor/bootstrap-icons/bootstrap-icons.css,200,88585,text/css
anasayfa-2025-07,20250711185606,asset,https://devaaluminyum.com/Tema/vendor/bootstrap/css/bootstrap.min.css,200,194901,text/css
anasayfa-2025-07,20250711185606,asset,https://devaaluminyum.com/Tema/vendor/bootstrap/js/bootstrap.bundle.min.js,200,80496,text/javascript
anasayfa-2025-07,20250711185606,asset,https://devaaluminyum.com/Tema/vendor/glightbox/css/glightbox.min.css,200,13749,text/css
anasayfa-2025-07,20250711185606,asset,https://devaaluminyum.com/Tema/vendor/glightbox/js/glightbox.min.js,200,55880,text/javascript
anasayfa-2025-07,20250711185606,asset,https://devaaluminyum.com/Tema/vendor/swiper/swiper-bundle.min.css,200,16468,text/css
anasayfa-2025-07,20250711185606,asset,https://devaaluminyum.com/Tema/vendor/swiper/swiper-bundle.min.js,200,143629,text/javascript
anasayfa-2025-07,20250711185606,asset,https://devaaluminyum.com/qinternet/sosyalmedya/facebook.png,200,1966,image/png
anasayfa-2025-07,20250711185606,asset,https://devaaluminyum.com/qinternet/sosyalmedya/hangouts.png,200,3649,image/png
anasayfa-2025-07,20250711185606,asset,https://devaaluminyum.com/resimler/0-292611611135-45c48cce2e2d7fbdea1afc51c7c6ad26a.jpg,200,4300,image/jpeg
anasayfa-2025-07,20250711185606,asset,https://devaaluminyum.com/resimler/0-433146404453-d3d9446802a44259755d38e6d163e820a.jpg,200,6719,image/jpeg
anasayfa-2025-07,20250711185606,asset,https://devaaluminyum.com/resimler/0-613778459682-ee0dc655da02e88747edcd64313856a3a.jpg,200,4564,image/jpeg
anasayfa-2025-07,20250711185606,asset,https://devaaluminyum.com/resimler/0-692121284241-c4ca4238a0b923820dcc509a6f75849ba.jpg,200,4868,image/jpeg
anasayfa-2025-07,20250711185606,asset,https://devaaluminyum.com/resimler/0-802471866709-0eaab519d7112be59f099bf8e4c33903a.jpg,200,5328,image/jpeg
anasayfa-2025-07,20250711185606,asset,https://devaaluminyum.com/resimler/aaaaaa2614c0c06ceda22c96e9b6de0893de7f.203318.jpg,200,145766,image/jpeg
anasayfa-2025-07,20250711185606,asset,https://devaaluminyum.com/resimler/aaaaaa6c7857455dcedbfa96584abd609a9dde.68d2f5.jpg,200,145966,image/jpeg
anasayfa-2025-07,20250711185606,asset,https://devaaluminyum.com/resimler/aaaaaaa8231de42756dcfe6afbe96dc1b0a2b2.e20428.jpg,200,112030,image/jpeg
anasayfa-2025-07,20250711185606,asset,https://devaaluminyum.com/resimler/aaaaaadf847ee6ffe705b5c65e68d86b1278d6.fd9072.jpg,200,167474,image/jpeg
anasayfa-2025-07,20250711185606,asset,https://devaaluminyum.com/resimler/aaaaaafe70d1b41e921fc3bb9d3d79399c44f6.93ba17.jpg,200,127522,image/jpeg
anasayfa-2025-07,20250711185606,asset,https://devaaluminyum.com/rss.php,200,4081,text/xml;charset=UTF-8
anasayfa-2025-07,20250711185606,asset,https://devaaluminyum.com/xml.php,200,1740,text/xml;charset=UTF-8
anasayfa-2025-07,20250711185606,asset,https://fonts.googleapis.com,404,0,failed
anasayfa-2025-07,20250711185606,asset,https://fonts.googleapis.com/css2?family=Nunito+Sans:wght@200;600&display=swap,200,4592,text/css; charset=utf-8
anasayfa-2025-07,20250711185606,asset,https://fonts.gstatic.com,404,0,failed
anasayfa-2025-07,20250711185606,page,https://devaaluminyum.com/,200,24999,title=Deva Alüminyum Kompozit Cephe Sistemleri - Kocasinan /KAYSERİ- 0 533 382 07 05; h1=
